freq_hz,adc_b
0.000000000000000000e+00,0.000000000000000000e+00
3.814813684499648843e+03,8.374981171091092991e-05
7.629627368999297687e+03,2.403523184290800522e-04
1.144444105349894744e+04,2.821021444820729024e-04
1.525925473799859537e+04,8.409858466969595461e-04
1.907406842249824331e+04,6.890101658851932685e-04
2.288888210699789488e+04,8.969500239896972284e-05
2.670369579149754281e+04,2.113569013174060730e-06
3.051850947599719075e+04,2.914775586368367961e-05
3.433332316049683868e+04,4.681254858733779976e-05
3.814813684499648662e+04,1.389778611234427630e-05
4.196295052949613455e+04,2.540082249053649799e-05
4.577776421399578976e+04,3.365497574203897872e-06
4.959257789849543769e+04,5.453073837835225521e-06
5.340739158299508563e+04,2.830129795529164687e-05
5.722220526749473356e+04,1.046214707409838182e-04
6.103701895199438150e+04,3.899285812739797257e-05
6.485183263649402943e+04,2.949402137367933179e-05
6.866664632099367736e+04,1.316072321598998001e-05
7.248146000549332530e+04,2.373232958125646233e-06
7.629627368999297323e+04,4.222363622487128792e-05
8.011108737449262117e+04,8.867624930824218488e-05
8.392590105899226910e+04,2.766247177696051245e-05
8.774071474349191703e+04,3.511758050971113177e-05
9.155552842799157952e+04,4.565765144337323754e-05
9.537034211249122745e+04,4.866749757327939964e-05
9.918515579699087539e+04,6.200297059970354867e-05
1.029999694814905233e+05,4.442841019758960879e-05
1.068147831659901713e+05,2.549838036204067052e-05
1.106295968504898192e+05,1.222930700161516556e-05
1.144444105349894671e+05,2.513676350669993552e-05
1.182592242194891151e+05,1.526371751544606129e-05
1.220740379039887630e+05,8.828759732522352118e-05
1.258888515884884109e+05,4.934018696664865041e-05
1.297036652729880589e+05,1.589922017189350559e-06
1.335184789574877068e+05,1.094273345882367802e-05
1.373332926419873547e+05,2.737742607336407917e-05
1.411481063264870027e+05,1.941945149596312567e-05
1.449629200109866506e+05,7.114231847296567002e-06
1.487777336954862985e+05,4.115555655223067442e-05
1.525925473799859465e+05,3.263509075914384773e-05
1.564073610644855944e+05,2.471372724242496718e-05
1.602221747489852423e+05,3.686253859910979051e-05
1.640369884334848903e+05,2.143216542014802229e-05
1.678518021179845382e+05,2.620952458878294156e-05
1.716666158024841861e+05,4.686791282846969011e-05
1.754814294869838341e+05,9.424562641335729819e-06
1.792962431714834820e+05,4.684703319095628415e-06
1.831110568559831590e+05,5.201258294595677807e-07
1.869258705404828070e+05,9.742980883649295584e-06
1.907406842249824549e+05,9.085605772573254179e-06
1.945554979094821028e+05,2.750141384387055225e-07
1.983703115939817508e+05,4.347846401097840120e-06
2.021851252784813987e+05,7.250741657588103985e-06
2.059999389629810466e+05,4.576740081395123686e-06
2.098147526474806946e+05,6.325459044356617094e-07
2.136295663319803425e+05,2.109162344588657247e-06
2.174443800164799904e+05,4.320158695187427571e-06
2.212591937009796384e+05,8.477535718228028165e-07
2.250740073854792863e+05,4.428046196590105058e-06
2.288888210699789342e+05,2.144850944032678200e-05
2.327036347544785822e+05,1.574529360628231157e-05
2.365184484389782301e+05,4.732339704513553979e-06
2.403332621234778780e+05,7.742255214351753230e-07
2.441480758079775260e+05,1.372313453479318629e-05
2.479628894924771739e+05,4.128117813486428117e-05
2.517777031769768219e+05,1.545809397899311927e-05
2.555925168614764698e+05,5.740668070935947213e-06
2.594073305459761177e+05,1.049477549581498930e-05
2.632221442304757657e+05,2.434649754996773860e-05
2.670369579149754136e+05,2.290891119601036314e-05
2.708517715994750615e+05,5.905269687147348866e-06
2.746665852839747095e+05,5.302450001516977084e-06
2.784813989684743574e+05,1.028667625706400675e-06
2.822962126529740053e+05,1.933469051648992263e-05
2.861110263374736533e+05,1.102232296064581156e-05
2.899258400219733012e+05,1.975425310749167060e-07
2.937406537064729491e+05,2.233035455876572818e-06
2.975554673909725971e+05,4.340520142852321104e-08
3.013702810754722450e+05,1.094288487039188090e-06
3.051850947599718929e+05,7.323321026158291059e-07
3.089999084444715409e+05,6.847325231231108502e-07
3.128147221289711888e+05,9.910972984205656104e-06
3.166295358134708367e+05,1.344919397064705086e-05
3.204443494979704847e+05,5.002642282311379510e-06
3.242591631824701326e+05,3.103598619395976882e-06
3.280739768669697805e+05,5.375019366315131138e-07
3.318887905514694285e+05,8.512456535460356699e-07
3.357036042359690764e+05,3.056790072267308021e-06
3.395184179204687243e+05,2.450623600114592486e-06
3.433332316049683723e+05,1.932800307399438660e-07
3.471480452894680202e+05,1.988373598543272571e-06
3.509628589739676681e+05,9.366716903200713823e-07
3.547776726584673161e+05,8.452656567194300968e-06
3.585924863429669640e+05,7.024020859227445677e-06
3.624073000274666119e+05,1.538362072174957214e-06
3.662221137119663181e+05,2.221034530476278313e-07
3.700369273964659660e+05,2.308271731273050429e-06
3.738517410809656139e+05,1.182308624992081240e-06
3.776665547654652619e+05,9.973288930463854884e-07
3.814813684499649098e+05,3.952202627362659208e-06
3.852961821344645577e+05,2.912561149557821874e-06
3.891109958189642057e+05,1.297787464431755499e-05
3.929258095034638536e+05,6.416909088245501766e-06
3.967406231879635016e+05,4.766844054844738940e-06
4.005554368724631495e+05,2.229728922764519764e-05
4.043702505569627974e+05,5.758989967073000655e-06
4.081850642414624454e+05,1.016405366649423025e-06
4.119998779259620933e+05,8.105434474151831129e-07
4.158146916104617412e+05,7.474663189947909454e-06
4.196295052949613892e+05,2.582174924333415264e-07
4.234443189794610371e+05,1.371405937131512147e-05
4.272591326639606850e+05,5.523956459138125338e-06
4.310739463484603330e+05,6.572918296121329506e-06
4.348887600329599809e+05,6.096765151997628753e-06
4.387035737174596288e+05,1.772391572845845714e-06
4.425183874019592768e+05,5.010241012371441756e-06
4.463332010864589247e+05,1.169864311567914458e-06
4.501480147709585726e+05,4.100765691617663134e-06
4.539628284554582206e+05,3.946898336114535118e-06
4.577776421399578685e+05,1.583220414384445892e-06
4.615924558244575164e+05,3.503071713903480660e-06
4.654072695089571644e+05,3.209991251187752792e-06
4.692220831934568123e+05,9.881222191795116679e-06
4.730368968779564602e+05,6.063123184374636586e-06
4.768517105624561082e+05,4.190756818748702187e-06
4.806665242469557561e+05,9.354384005627206788e-06
4.844813379314554040e+05,4.238067211607284387e-06
4.882961516159550520e+05,2.216628326945038101e-05
4.921109653004546999e+05,4.160875886204216499e-06
4.959257789849543478e+05,1.720289909604778131e-06
4.997405926694539958e+05,1.216484089489651226e-06
5.035554063539536437e+05,4.568171395585189064e-06
5.073702200384532916e+05,1.620558082674098020e-05
5.111850337229529396e+05,1.869303145707031864e-05
5.149998474074525875e+05,4.812433999550312285e-06
5.188146610919522354e+05,1.748593989148881903e-06
5.226294747764518834e+05,5.419266441743407427e-06
5.264442884609515313e+05,3.965542686257973229e-07
5.302591021454512374e+05,1.117924922602903639e-05
5.340739158299508272e+05,8.421180702914716416e-06
5.378887295144505333e+05,2.781441040971139756e-06
5.417035431989501230e+05,1.235835864133180008e-06
5.455183568834498292e+05,2.126973464397248216e-05
5.493331705679494189e+05,3.872932319407955290e-05
5.531479842524491251e+05,2.194236613198503265e-06
5.569627979369487148e+05,1.323216287641505899e-06
5.607776116214484209e+05,4.398085655666312147e-06
5.645924253059480106e+05,7.663163116172368020e-06
5.684072389904477168e+05,5.482995214859285767e-06
5.722220526749473065e+05,1.643435204008933257e-05
5.760368663594470127e+05,1.289331277970891761e-06
5.798516800439466024e+05,4.119865653612602139e-06
5.836664937284463085e+05,1.350550936672983916e-05
5.874813074129458982e+05,8.639806562709121307e-06
5.912961210974456044e+05,1.791251767075598703e-05
5.951109347819451941e+05,2.946278099604742568e-05
5.989257484664449003e+05,6.909057557204664906e-06
6.027405621509444900e+05,2.747582588602790857e-05
6.065553758354441961e+05,4.288679767493803368e-06
6.103701895199437859e+05,1.620184912669360663e-05
6.141850032044434920e+05,4.121923475415581136e-05
6.179998168889430817e+05,8.133917199467318479e-05
6.218146305734427879e+05,1.260502841263455193e-05
6.256294442579423776e+05,8.873987205464933651e-05
6.294442579424420837e+05,8.234401411167441076e-06
6.332590716269416735e+05,1.114427389119505959e-04
6.370738853114413796e+05,5.320639337921374707e-06
6.408886989959409693e+05,1.056286158407668225e-04
6.447035126804406755e+05,3.609658515654145486e-05
6.485183263649402652e+05,2.275439740460376205e-04
6.523331400494399713e+05,1.350530704328691141e-04
6.561479537339395611e+05,9.091847823865942604e-04
6.599627674184392672e+05,4.095605231068756352e-04
6.637775811029388569e+05,1.159021553464311197e-02
6.675923947874385631e+05,1.705350110451763282e-02
6.714072084719381528e+05,3.649667838803094793e-03
6.752220221564378589e+05,2.668449079692994321e-04
6.790368358409374487e+05,5.163204007507467318e-04
6.828516495254371548e+05,1.140363855476397842e-04
6.866664632099367445e+05,2.726376432793035758e-04
6.904812768944364507e+05,3.175875038169927845e-05
6.942960905789360404e+05,1.070641708750957335e-04
6.981109042634357465e+05,4.265320260537345024e-05
7.019257179479353363e+05,1.395077018201905091e-04
7.057405316324350424e+05,2.330726320114250085e-06
7.095553453169346321e+05,4.556050198612833529e-05
7.133701590014343383e+05,6.609649006410626641e-06
7.171849726859339280e+05,3.579861975404310048e-05
7.209997863704336341e+05,4.076425632155635811e-06
7.248146000549332239e+05,2.500874761364084371e-05
7.286294137394329300e+05,4.637092742695498932e-06
7.324442274239326362e+05,2.345998821427576055e-05
7.362590411084322259e+05,3.390670598148680394e-06
7.400738547929319320e+05,2.196770995858460910e-05
7.438886684774315218e+05,8.278039625040483561e-07
7.477034821619312279e+05,1.326263878232981107e-05
7.515182958464308176e+05,8.012363136125839544e-08
7.553331095309305238e+05,3.252465897501220787e-06
7.591479232154301135e+05,6.248168066371406739e-06
7.629627368999298196e+05,1.001625730393491002e-05
7.667775505844294094e+05,1.682927048909566512e-06
7.705923642689291155e+05,2.729210964127453492e-06
7.744071779534287052e+05,3.698586122205193621e-06
7.782219916379284114e+05,3.863188474206685392e-06
7.820368053224280011e+05,6.518885591614061085e-06
7.858516190069277072e+05,6.921462317272006130e-06
7.896664326914272970e+05,4.962751556124608048e-06
7.934812463759270031e+05,1.182270749517759071e-05
7.972960600604265928e+05,3.085596380325013470e-06
8.011108737449262990e+05,1.125777849408752915e-05
8.049256874294258887e+05,1.563355789694061089e-07
8.087405011139255948e+05,3.086970021116243239e-06
8.125553147984251846e+05,8.032354341831962776e-07
8.163701284829248907e+05,3.870492995878003585e-06
8.201849421674244804e+05,1.520279144060290135e-06
8.239997558519241866e+05,3.449285968386309575e-07
8.278145695364237763e+05,6.880285159442153804e-06
8.316293832209234824e+05,7.401287948012790711e-06
8.354441969054230722e+05,1.802465563258962130e-06
8.392590105899227783e+05,1.079755248242066279e-05
8.430738242744223680e+05,2.459269750048930623e-06
8.468886379589220742e+05,1.574547351862374673e-06
8.507034516434216639e+05,2.958002776634181405e-06
8.545182653279213700e+05,3.550218653889737086e-06
8.583330790124209598e+05,9.955358494212546407e-07
8.621478926969206659e+05,1.994680679207730218e-06
8.659627063814202556e+05,6.875314565729924134e-06
8.697775200659199618e+05,5.864752764426146846e-06
8.735923337504195515e+05,9.046885839703361470e-07
8.774071474349192576e+05,2.713353336619929715e-06
8.812219611194188474e+05,8.653024958536617714e-07
8.850367748039185535e+05,2.911251404980999132e-06
8.888515884884181432e+05,1.160156844596521756e-06
8.926664021729178494e+05,6.236824452206794116e-06
8.964812158574174391e+05,4.423403949046928698e-06
9.002960295419171453e+05,1.230661410349136726e-06
9.041108432264167350e+05,1.925363827410988422e-06
9.079256569109164411e+05,2.494470793157868135e-06
9.117404705954160308e+05,1.754907496187113818e-06
9.155552842799157370e+05,1.845922589097284986e-06
9.193700979644153267e+05,1.452377883977796818e-06
9.231849116489150329e+05,2.272917616039051006e-06
9.269997253334146226e+05,1.686538969258286688e-06
9.308145390179143287e+05,4.897702275733467451e-06
9.346293527024139185e+05,6.985928152103178090e-07
9.384441663869136246e+05,1.538677479448951310e-06
9.422589800714132143e+05,1.618822144661641504e-06
9.460737937559129205e+05,3.049825833359619814e-07
9.498886074404125102e+05,6.349322291616979645e-06
9.537034211249122163e+05,6.271546372558025393e-06
9.575182348094118061e+05,2.076894892642460589e-06
9.613330484939115122e+05,1.267676832456299378e-06
9.651478621784111019e+05,3.917464607907056472e-06
9.689626758629108081e+05,5.143872443968882962e-06
9.727774895474103978e+05,7.514843209325963019e-07
9.765923032319101039e+05,2.895328619186692195e-06
9.804071169164098101e+05,1.939340001863907065e-06
9.842219306009093998e+05,7.301740973117064384e-06
9.880367442854091059e+05,1.161583393167681530e-07
9.918515579699086957e+05,2.244258669036913427e-06
9.956663716544084018e+05,1.125883713741656321e-06
9.994811853389079915e+05,8.055667067458350576e-06
1.003295999023407698e+06,1.468529294991562565e-06
1.007110812707907287e+06,1.545704440892007845e-07
1.010925626392406994e+06,1.000472043454551877e-06
1.014740440076906583e+06,2.142388568724477499e-06
1.018555253761406289e+06,4.158849046604531790e-07
1.022370067445905879e+06,2.989282534483062332e-06
1.026184881130405585e+06,1.362074775886237321e-08
1.029999694814905175e+06,7.784363563425878662e-07
1.033814508499404881e+06,4.049429411967687177e-07
1.037629322183904471e+06,1.649813383839248308e-06
1.041444135868404177e+06,1.972338943623792936e-07
1.045258949552903767e+06,2.256725361358118296e-07
1.049073763237403473e+06,4.281901888726485442e-06
1.052888576921903063e+06,8.394784425163181121e-06
1.056703390606402652e+06,1.743757991807510982e-07
1.060518204290902475e+06,2.312884948751564232e-06
1.064333017975402065e+06,1.581420785133343233e-06
1.068147831659901654e+06,1.090170443777310228e-05
1.071962645344401244e+06,1.665244301594938828e-06
1.075777459028901067e+06,2.931145655552979425e-06
1.079592272713400656e+06,1.476156253798609944e-06
1.083407086397900246e+06,4.947394083451058048e-07
1.087221900082399836e+06,4.587679160093056979e-07
1.091036713766899658e+06,1.393768047602574291e-06
1.094851527451399248e+06,2.570490083397649233e-08
1.098666341135898838e+06,1.504553944667396499e-06
1.102481154820398428e+06,8.514426844541078641e-07
1.106295968504898250e+06,5.415618107002530100e-06
1.110110782189397840e+06,1.979720949512053807e-06
1.113925595873897430e+06,1.469866028018198619e-06
1.117740409558397019e+06,5.925178620614827744e-07
1.121555223242896842e+06,1.651239094199397383e-06
1.125370036927396432e+06,6.337346598635318889e-07
1.129184850611896021e+06,9.680748618734121639e-07
1.132999664296395611e+06,3.529938192970583948e-07
1.136814477980895434e+06,2.300681898837578824e-06
1.140629291665395023e+06,3.642713019502305551e-06
1.144444105349894613e+06,4.242549050899767720e-07
1.148258919034394203e+06,1.158319934315565391e-06
1.152073732718894025e+06,1.526989378363707276e-07
1.155888546403393615e+06,1.918000980801685613e-06
1.159703360087893205e+06,1.676210196923137027e-06
1.163518173772392794e+06,1.426314141475549077e-07
1.167332987456892617e+06,8.443982860104345396e-08
1.171147801141392207e+06,2.444254702830438562e-06
1.174962614825891796e+06,3.177457044547418861e-06
1.178777428510391386e+06,1.365339183824841501e-07
1.182592242194891209e+06,1.328655912286340581e-06
1.186407055879390799e+06,1.697787871501674762e-06
1.190221869563890388e+06,1.196367043786606337e-06
1.194036683248389978e+06,1.401825298197102810e-06
1.197851496932889801e+06,4.329551647081644294e-06
1.201666310617389390e+06,3.229766702902046992e-07
1.205481124301888980e+06,9.964825001559285511e-07
1.209295937986388570e+06,6.819917045168296149e-07
1.213110751670888392e+06,4.974079294234124998e-06
1.216925565355387982e+06,2.272540119698279775e-06
1.220740379039887572e+06,6.544319269385926192e-08
1.224555192724387394e+06,8.797265348656832400e-08
1.228370006408886984e+06,3.680591503798393408e-07
1.232184820093386574e+06,7.113483855941592466e-07
1.235999633777886163e+06,4.789966245484277046e-07
1.239814447462385986e+06,1.031295792292348510e-06
1.243629261146885576e+06,4.510183000601459237e-06
1.247444074831385165e+06,3.643621171432739999e-07
1.251258888515884755e+06,6.818840013589043685e-06
1.255073702200384578e+06,3.125942636008750358e-06
1.258888515884884167e+06,2.454923184045589667e-06
1.262703329569383757e+06,9.160910211726573338e-07
1.266518143253883347e+06,1.683837726256036175e-06
1.270332956938383169e+06,2.454745347601789000e-07
1.274147770622882759e+06,5.633280118237602066e-06
1.277962584307382349e+06,3.383197558278297224e-06
1.281777397991881939e+06,1.299902058191674756e-06
1.285592211676381761e+06,1.871895134744615392e-07
1.289407025360881351e+06,1.175820018561962881e-05
1.293221839045380941e+06,1.075461513811262148e-05
1.297036652729880530e+06,4.802848315911983459e-06
1.300851466414380353e+06,6.184380651665068922e-06
1.304666280098879943e+06,3.730953652179948709e-06
1.308481093783379532e+06,3.436996296363483850e-06
1.312295907467879122e+06,1.611920453294931271e-05
1.316110721152378945e+06,1.383578009250736929e-05
1.319925534836878534e+06,3.909325207006269202e-05
1.323740348521378124e+06,4.272339891600909610e-05
1.327555162205877714e+06,2.256526227997288493e-04
1.331369975890377536e+06,1.521938417309238404e-03
1.335184789574877126e+06,1.345419784972558134e-03
1.338999603259376716e+06,1.174125686486687548e-04
1.342814416943876306e+06,6.952337588174297247e-05
1.346629230628376128e+06,3.098760349355770541e-05
1.350444044312875718e+06,1.445884023035375483e-05
1.354258857997375308e+06,7.046449632693779738e-06
1.358073671681874897e+06,9.025176400251043994e-06
1.361888485366374720e+06,3.773848080854336599e-06
1.365703299050874310e+06,7.567932490822972035e-06
1.369518112735373899e+06,9.362109469343211874e-06
1.373332926419873489e+06,7.514320023175808988e-06
1.377147740104373312e+06,1.327595269114753370e-06
1.380962553788872901e+06,5.299456132102128820e-06
1.384777367473372491e+06,2.549612380981112468e-06
1.388592181157872081e+06,6.933762838967736290e-07
1.392406994842371903e+06,3.143698941220273925e-07
1.396221808526871493e+06,3.229810043613655556e-06
1.400036622211371083e+06,1.788512692853655994e-07
1.403851435895870673e+06,5.168425334511556370e-06
1.407666249580370495e+06,3.761205708443190974e-06
1.411481063264870085e+06,6.719712435534250271e-07
1.415295876949369675e+06,9.103815260117411538e-07
1.419110690633869264e+06,4.389860788776522274e-06
1.422925504318369087e+06,9.086949067956548948e-08
1.426740318002868677e+06,5.284341554298832511e-06
1.430555131687368266e+06,2.240428085883188860e-06
1.434369945371867856e+06,1.064602867217745133e-06
1.438184759056367679e+06,1.115251349958623987e-06
1.441999572740867268e+06,2.337723254936079770e-06
1.445814386425366858e+06,1.502343228610482375e-06
1.449629200109866448e+06,1.294026100228369653e-06
1.453444013794366270e+06,1.607897594615932553e-06
1.457258827478865860e+06,2.928486117262410420e-07
1.461073641163365450e+06,6.005980996351732030e-08
1.464888454847865272e+06,2.894116836562476505e-06
1.468703268532364862e+06,1.121299785884940136e-06
1.472518082216864452e+06,1.602670329127974363e-06
1.476332895901364041e+06,1.512501303218543910e-06
1.480147709585863864e+06,4.499974753272756160e-07
1.483962523270363454e+06,7.830613417584481433e-07
1.487777336954863044e+06,2.825253603993296390e-07
1.491592150639362633e+06,5.888734790887022685e-07
1.495406964323862456e+06,2.016763965312479664e-07
1.499221778008362046e+06,2.412917634275928742e-07
1.503036591692861635e+06,5.878947249162109114e-07
1.506851405377361225e+06,1.060975324902642295e-06
1.510666219061861048e+06,8.028477160346008384e-08
1.514481032746360637e+06,2.776090511277271232e-07
1.518295846430860227e+06,8.875895904095463765e-07
1.522110660115359817e+06,3.890679584921592521e-06
1.525925473799859639e+06,4.094170401827531925e-06
1.529740287484359229e+06,9.593707837818123387e-07
1.533555101168858819e+06,8.331124856657055221e-07
1.537369914853358408e+06,2.371520745189429018e-06
1.541184728537858231e+06,1.540376124187478145e-06
1.544999542222357821e+06,6.406531430925220726e-07
1.548814355906857410e+06,5.122968608874531409e-07
1.552629169591357000e+06,7.885825667488015059e-07
1.556443983275856823e+06,1.815023763487665350e-06
1.560258796960356412e+06,5.055803735898132160e-07
1.564073610644856002e+06,8.360918386377465260e-07
1.567888424329355592e+06,1.172022765569699173e-06
1.571703238013855414e+06,9.345463296435161674e-07
1.575518051698355004e+06,5.734848130040106313e-09
1.579332865382854594e+06,1.805315309606046620e-06
1.583147679067354184e+06,1.263452477029132573e-06
1.586962492751854006e+06,3.671308445983975663e-07
1.590777306436353596e+06,6.544007016737230565e-07
1.594592120120853186e+06,2.503953500548459977e-08
1.598406933805352775e+06,3.399394028317218076e-08
1.602221747489852598e+06,3.214149437617594288e-08
1.606036561174352188e+06,4.860937224730997531e-07
1.609851374858851777e+06,1.269158928130669383e-06
1.613666188543351367e+06,2.468297448620168725e-07
1.617481002227851190e+06,1.939008024959265212e-07
1.621295815912350779e+06,2.261794452364499118e-07
1.625110629596850369e+06,3.201490730884021193e-07
1.628925443281349959e+06,9.294135853225296490e-08
1.632740256965849781e+06,1.674418141837911528e-06
1.636555070650349371e+06,4.633905194266599707e-07
1.640369884334848961e+06,5.042232473672935209e-07
1.644184698019348551e+06,2.739637791523434247e-07
1.647999511703848373e+06,7.252810183845244042e-07
1.651814325388347963e+06,9.734778551148948382e-07
1.655629139072847553e+06,1.093346098863759214e-06
1.659443952757347142e+06,1.143937841164296560e-06
1.663258766441846965e+06,1.889733771584484698e-07
1.667073580126346555e+06,2.148608210578553982e-06
1.670888393810846144e+06,7.872991418611541741e-07
1.674703207495345734e+06,2.384437843261508286e-08
1.678518021179845557e+06,1.136802107783098194e-07
1.682332834864345146e+06,1.707701523985105609e-07
1.686147648548844736e+06,9.714295626844947462e-09
1.689962462233344326e+06,1.120987036034881164e-06
1.693777275917844148e+06,8.975736392832415459e-07
1.697592089602343738e+06,2.345685883010303498e-07
1.701406903286843328e+06,1.160470350399403524e-06
1.705221716971342918e+06,1.434749587370990257e-06
1.709036530655842740e+06,3.284376938618108571e-06
1.712851344340342330e+06,6.201702863379763161e-07
1.716666158024841920e+06,3.465373304035824870e-07
1.720480971709341742e+06,5.711427682474733147e-08
1.724295785393841332e+06,4.692195820688966885e-07
1.728110599078340922e+06,1.926351823921835363e-07
1.731925412762840511e+06,6.456392490375687486e-07
1.735740226447340334e+06,1.346499922378164639e-09
1.739555040131839924e+06,1.645657006340530193e-06
1.743369853816339513e+06,9.307755261829938422e-07
1.747184667500839103e+06,1.236134840704948332e-06
1.750999481185338926e+06,8.134567788867904949e-07
1.754814294869838515e+06,1.049160048893248939e-06
1.758629108554338105e+06,2.165291234902555545e-06
1.762443922238837695e+06,1.954872837480338569e-07
1.766258735923337517e+06,4.782394952543463593e-07
1.770073549607837107e+06,6.980181242090549548e-07
1.773888363292336697e+06,2.385549733410549413e-06
1.777703176976836286e+06,9.119094961022520597e-07
1.781517990661336109e+06,2.027154557092422283e-08
1.785332804345835699e+06,3.700858815036314847e-07
1.789147618030335288e+06,7.554650669808670348e-07
1.792962431714834878e+06,1.691751794951377335e-07
1.796777245399334701e+06,1.451911622140619000e-07
1.800592059083834291e+06,3.064416427950429223e-07
1.804406872768333880e+06,5.684184534512871406e-07
1.808221686452833470e+06,7.004591810350497541e-07
1.812036500137333293e+06,8.183112987385193151e-07
1.815851313821832882e+06,6.837016498589712023e-07
1.819666127506332472e+06,1.174890768651189653e-07
1.823480941190832062e+06,1.499558270093659649e-07
1.827295754875331884e+06,1.062596130800424585e-08
1.831110568559831474e+06,6.034223214575082117e-07
1.834925382244331064e+06,1.165597822730969788e-06
1.838740195928830653e+06,7.602882160749107214e-07
1.842555009613330476e+06,3.938861553346176300e-07
1.846369823297830066e+06,4.371851053254782240e-07
1.850184636982329655e+06,3.945888053551402629e-07
1.853999450666829245e+06,6.962213838819517324e-07
1.857814264351329068e+06,3.121648074026388893e-07
1.861629078035828657e+06,6.029246203375255088e-07
1.865443891720328247e+06,2.104832418814421562e-06
1.869258705404827837e+06,8.418881099062557963e-07
1.873073519089327659e+06,8.247115533464240609e-08
1.876888332773827249e+06,4.444889251989626493e-08
1.880703146458326839e+06,4.853153183972956461e-08
1.884517960142826429e+06,1.651459019392251780e-07
1.888332773827326251e+06,3.122852455290372000e-07
1.892147587511825841e+06,5.093127473637713336e-07
1.895962401196325431e+06,1.662387127392320150e-07
1.899777214880825020e+06,4.353590046337368317e-08
1.903592028565324843e+06,1.749431149370405709e-07
1.907406842249824433e+06,2.174859522746483831e-06
1.911221655934324022e+06,1.649090600604484862e-06
1.915036469618823612e+06,3.272769890963051442e-07
1.918851283303323435e+06,1.415045916047909789e-06
1.922666096987823024e+06,2.005658045582532381e-07
1.926480910672322614e+06,1.045781144067254421e-06
1.930295724356822204e+06,1.371951971745212708e-06
1.934110538041322026e+06,1.015578495052607402e-06
1.937925351725821616e+06,1.765416427339138596e-07
1.941740165410321206e+06,8.777631285936594102e-07
1.945554979094820796e+06,8.596700094741865676e-07
1.949369792779320618e+06,1.290646672173250720e-06
1.953184606463820208e+06,4.242153118130501380e-08
1.956999420148319798e+06,1.101088277807319879e-06
1.960814233832819620e+06,1.031035525354330153e-06
1.964629047517319210e+06,6.278887991132208597e-07
1.968443861201818800e+06,1.900985463724302569e-07
1.972258674886318389e+06,1.818033895278571801e-06
1.976073488570818212e+06,7.013702752730182583e-08
1.979888302255317802e+06,4.332631810443206403e-06
1.983703115939817391e+06,1.764017918459123787e-06
1.987517929624316981e+06,7.023922592256667499e-06
1.991332743308816804e+06,1.228123714825308022e-06
1.995147556993316393e+06,5.629280951445903551e-05
1.998962370677815983e+06,1.767175980176080173e-04
2.002777184362315573e+06,1.019257069307493287e-04
2.006591998046815395e+06,2.815230433998787290e-06
2.010406811731314985e+06,6.989266685297668873e-06
2.014221625415814575e+06,2.849922878270338085e-07
2.018036439100314165e+06,3.192808971183912227e-06
2.021851252784813987e+06,4.817657639767687235e-08
2.025666066469313577e+06,4.420219487763489780e-06
2.029480880153813167e+06,1.904630292999141777e-06
2.033295693838312756e+06,1.966926297142419814e-07
2.037110507522812579e+06,1.141528513045790506e-07
2.040925321207312169e+06,7.880205607304913298e-07
2.044740134891811758e+06,4.043586504338318284e-07
2.048554948576311348e+06,9.403435543746546795e-07
2.052369762260811171e+06,5.003212319701599210e-07
2.056184575945310760e+06,7.254925620802206602e-08
2.059999389629810350e+06,2.100878804575961657e-07
2.063814203314309940e+06,1.790268372842971080e-06
2.067629016998809762e+06,1.327358626234855807e-06
2.071443830683309352e+06,1.782043742202758627e-06
2.075258644367808942e+06,9.816140791010618168e-07
2.079073458052308531e+06,8.052182987706770828e-07
2.082888271736808354e+06,9.732773440122919480e-08
2.086703085421307944e+06,1.023646686180765917e-06
2.090517899105807533e+06,1.066008889498712877e-06
2.094332712790307123e+06,8.816759783846354770e-08
2.098147526474806946e+06,7.066522999882010792e-09
2.101962340159306303e+06,7.573692485485506963e-07
2.105777153843806125e+06,4.458045853887960545e-07
2.109591967528305948e+06,5.032335139232135273e-07
2.113406781212805305e+06,9.004000752806188887e-07
2.117221594897305127e+06,1.598306095706326844e-07
2.121036408581804950e+06,3.735057693292100805e-08
2.124851222266304307e+06,1.026235093910059131e-06
2.128666035950804129e+06,8.075086561306203728e-07
2.132480849635303486e+06,1.802340291256624700e-07
2.136295663319803309e+06,8.534866572227822096e-07
2.140110477004303131e+06,1.756810345273202960e-07
2.143925290688802488e+06,1.400226766083229411e-07
2.147740104373302311e+06,4.586131842114592451e-07
2.151554918057802133e+06,1.809247816082531287e-08
2.155369731742301490e+06,4.265104404149161579e-07
2.159184545426801313e+06,6.230409559183789783e-07
2.162999359111300670e+06,1.640026729061075359e-06
2.166814172795800492e+06,1.141177679479403923e-06
2.170628986480300315e+06,1.523373018760788745e-07
2.174443800164799672e+06,1.906871613457822952e-07
2.178258613849299494e+06,4.184506909740462323e-07
2.182073427533799317e+06,1.226263186528434514e-06
2.185888241218298674e+06,1.452030740888893895e-06
2.189703054902798496e+06,7.866888051424130970e-07
2.193517868587297853e+06,3.139220515102914752e-07
2.197332682271797676e+06,6.759390188328486801e-07
2.201147495956297498e+06,1.194706534022449929e-06
2.204962309640796855e+06,4.868501973770409622e-07
2.208777123325296678e+06,7.758604274236611848e-07
2.212591937009796500e+06,1.268475754809331766e-07
2.216406750694295857e+06,1.595921035888274143e-06
2.220221564378795680e+06,1.343484115296245335e-06
2.224036378063295502e+06,8.868174292073500792e-08
2.227851191747794859e+06,4.842258498769565228e-07
2.231666005432294682e+06,1.057854913116603979e-07
2.235480819116794039e+06,4.909309557970952325e-08
2.239295632801293861e+06,8.560398713468724754e-08
2.243110446485793684e+06,2.862449231983105484e-07
2.246925260170293041e+06,6.776161862078880745e-07
2.250740073854792863e+06,9.930395636515741191e-08
2.254554887539292686e+06,7.539076216099682298e-07
2.258369701223792043e+06,1.090277852541314070e-06
2.262184514908291865e+06,8.144585494688959521e-08
2.265999328592791222e+06,2.531552637111531863e-07
2.269814142277291045e+06,9.727018261761530757e-07
2.273628955961790867e+06,6.643253483388652513e-07
2.277443769646290224e+06,1.664545431529200995e-07
2.281258583330790047e+06,7.051836052908005654e-07
2.285073397015289869e+06,3.101195839455224407e-07
2.288888210699789226e+06,2.265998847916795297e-08
2.292703024384289049e+06,3.248739788028586447e-07
2.296517838068788406e+06,2.743590116993430009e-07
2.300332651753288228e+06,2.095622286524827015e-07
2.304147465437788051e+06,8.143686093166504981e-07
2.307962279122287408e+06,2.611686438446921746e-07
2.311777092806787230e+06,8.404840027670721879e-09
2.315591906491287053e+06,5.269210431120505816e-07
2.319406720175786410e+06,8.829038125870049586e-07
2.323221533860286232e+06,2.454091780439971226e-07
2.327036347544785589e+06,4.041595567064430718e-07
2.330851161229285412e+06,2.993139023608606172e-07
2.334665974913785234e+06,7.079962736073594361e-07
2.338480788598284591e+06,8.341408616131039175e-07
2.342295602282784414e+06,4.754521153445485266e-07
2.346110415967284236e+06,2.273045984652119025e-08
2.349925229651783593e+06,2.383839719798322547e-07
2.353740043336283416e+06,5.762905828306244642e-07
2.357554857020782772e+06,3.503750481765707159e-07
2.361369670705282595e+06,1.203886605018186521e-07
2.365184484389782418e+06,7.792484385946636278e-08
2.368999298074281774e+06,7.481306699357384010e-08
2.372814111758781597e+06,3.886359053933345717e-08
2.376628925443281420e+06,1.858877755162402781e-07
2.380443739127780776e+06,1.101817342743178286e-08
2.384258552812280599e+06,6.368002904438753119e-07
2.388073366496779956e+06,9.407495400218910128e-07
2.391888180181279778e+06,2.753561499480537017e-07
2.395702993865779601e+06,4.739216118746529102e-07
2.399517807550278958e+06,2.987399158030696043e-07
2.403332621234778780e+06,4.800129063061968929e-08
2.407147434919278603e+06,8.196974872356521405e-08
2.410962248603777960e+06,1.180783415146040871e-08
2.414777062288277782e+06,4.064943375493507272e-07
2.418591875972777139e+06,1.346451005249357377e-06
2.422406689657276962e+06,1.045671883975905801e-06
2.426221503341776785e+06,2.776529932878699565e-08
2.430036317026276141e+06,1.096142033528656857e-06
2.433851130710775964e+06,1.417788429034208125e-06
2.437665944395275787e+06,1.083984260063031736e-06
2.441480758079775143e+06,4.770548055920485147e-07
2.445295571764274966e+06,1.009192086377117169e-06
2.449110385448774789e+06,8.284999184197522668e-07
2.452925199133274145e+06,8.555464546684487914e-08
2.456740012817773968e+06,9.267061084628882671e-08
2.460554826502273325e+06,1.032344879500658208e-06
2.464369640186773147e+06,1.518515608980538069e-06
2.468184453871272970e+06,1.667275248651060763e-06
2.471999267555772327e+06,9.719677464025063147e-07
2.475814081240272149e+06,4.668569760881227420e-08
2.479628894924771972e+06,1.035493168820049727e-06
2.483443708609271329e+06,6.179211766884045291e-07
2.487258522293771151e+06,2.297300128796917024e-07
2.491073335978270508e+06,2.836297294036838718e-06
2.494888149662770331e+06,1.274877316730794559e-06
2.498702963347270153e+06,6.739682800739839342e-07
2.502517777031769510e+06,1.604917683450934890e-06
2.506332590716269333e+06,2.318934545563444407e-06
2.510147404400769155e+06,4.591443289842389941e-06
2.513962218085268512e+06,1.348677080792181184e-06
2.517777031769768335e+06,1.059236543431740271e-07
2.521591845454267692e+06,2.351336622059755275e-07
2.525406659138767514e+06,2.835460536942983985e-07
2.529221472823267337e+06,5.921567434349180870e-07
2.533036286507766694e+06,1.038176533350645984e-06
2.536851100192266516e+06,6.416453618275542983e-07
2.540665913876766339e+06,7.104853063904438313e-07
2.544480727561265696e+06,7.436964428735518379e-09
2.548295541245765518e+06,1.202483758335140529e-07
2.552110354930264875e+06,4.814601983062408461e-07
2.555925168614764698e+06,1.395362005825995127e-06
2.559739982299264520e+06,2.208655422335356327e-07
2.563554795983763877e+06,1.314823793757301147e-07
2.567369609668263700e+06,8.606813474750784041e-07
2.571184423352763522e+06,1.518161239217052012e-06
2.574999237037262879e+06,1.220913750290404203e-08
2.578814050721762702e+06,3.801807773506153322e-07
2.582628864406262059e+06,2.846035006376908038e-07
2.586443678090761881e+06,1.998694972700194699e-06
2.590258491775261704e+06,4.496511283718446798e-07
2.594073305459761061e+06,2.172185726451025594e-07
2.597888119144260883e+06,1.048419033188084037e-08
2.601702932828760706e+06,7.426405890038030230e-07
2.605517746513260063e+06,1.001583410098058709e-06
2.609332560197759885e+06,5.305308439532841388e-07
2.613147373882259242e+06,5.663390590506704659e-07
2.616962187566759065e+06,2.441604062856772414e-07
2.620777001251258887e+06,4.027367039839050240e-07
2.624591814935758244e+06,8.224116065361157590e-07
2.628406628620258067e+06,1.806354691806295210e-07
2.632221442304757889e+06,3.134658677332385209e-07
2.636036255989257246e+06,7.208601287239862167e-07
2.639851069673757069e+06,1.820454954658474357e-06
2.643665883358256426e+06,4.096931705954325794e-07
2.647480697042756248e+06,4.320771221696857281e-06
2.651295510727256071e+06,1.010173270924209615e-06
2.655110324411755428e+06,6.435075057355769996e-06
2.658925138096255250e+06,4.291091354666407685e-07
2.662739951780755073e+06,5.449207296873145255e-05
2.666554765465254430e+06,1.072700926788137146e-04
2.670369579149754252e+06,3.930077325515939969e-05
2.674184392834253609e+06,4.917280573570451554e-07
2.677999206518753432e+06,2.824172876190933369e-06
2.681814020203253254e+06,6.811993817524006427e-07
2.685628833887752611e+06,2.085194070871491281e-06
2.689443647572252434e+06,4.812490424251961304e-08
2.693258461256752256e+06,9.709923676802382350e-07
2.697073274941251613e+06,6.059300363494369821e-07
2.700888088625751436e+06,1.512731322090859105e-07
2.704702902310251258e+06,1.530540356125827472e-08
2.708517715994750615e+06,6.591824138293144164e-08
2.712332529679250438e+06,1.129403032363244073e-07
2.716147343363749795e+06,5.543484889464585798e-07
2.719962157048249617e+06,8.917611721904498019e-07
2.723776970732749440e+06,6.987402711043270884e-07
2.727591784417248797e+06,2.484209894948317621e-07
2.731406598101748619e+06,1.352232168711483544e-07
2.735221411786248442e+06,3.205451443657143189e-07
2.739036225470747799e+06,6.282232743631188039e-07
2.742851039155247621e+06,2.397164750051447754e-07
2.746665852839746978e+06,4.008995550968423591e-07
2.750480666524246801e+06,2.305102785956448010e-06
2.754295480208746623e+06,1.896314061549337532e-06
2.758110293893245980e+06,4.933364747442337102e-07
2.761925107577745803e+06,5.301937775366909821e-07
2.765739921262245625e+06,9.930449522687221229e-07
2.769554734946744982e+06,5.238815177680231438e-07
2.773369548631244805e+06,1.246983624101487177e-07
2.777184362315744162e+06,2.059644430903371982e-07
2.780999176000243984e+06,7.969831231542055574e-07
2.784813989684743807e+06,1.762391353275745996e-06
2.788628803369243164e+06,9.518410357583902356e-07
2.792443617053742986e+06,2.671105340407097194e-07
2.796258430738242809e+06,9.013395157958818293e-08
2.800073244422742166e+06,4.212362622571585790e-08
2.803888058107241988e+06,3.842096834804964715e-07
2.807702871791741345e+06,6.979481174987452531e-07
2.811517685476241168e+06,4.771629684988393936e-07
2.815332499160740990e+06,9.634975293648285534e-08
2.819147312845240347e+06,2.995028454054413717e-07
2.822962126529740170e+06,1.007922742549722724e-06
2.826776940214239992e+06,9.166838973303492832e-07
2.830591753898739349e+06,1.422641696309207257e-06
2.834406567583239172e+06,8.523249476162966695e-07
2.838221381267738529e+06,3.386987524150166118e-07
2.842036194952238351e+06,1.261191833023243707e-07
2.845851008636738174e+06,6.216517714544136184e-08
2.849665822321237531e+06,4.014539512493788581e-07
2.853480636005737353e+06,7.865300387785423080e-07
2.857295449690237176e+06,5.046123627624782625e-07
2.861110263374736533e+06,4.231216713659118999e-07
2.864925077059236355e+06,5.275618375261900889e-07
2.868739890743735712e+06,7.645791816691935377e-07
2.872554704428235535e+06,4.467651164504739204e-07
2.876369518112735357e+06,9.587544248527269804e-08
2.880184331797234714e+06,2.031676518897579056e-08
2.883999145481734537e+06,4.306281699516870053e-08
2.887813959166234359e+06,1.075138879511168913e-07
2.891628772850733716e+06,9.712005060575908789e-07
2.895443586535233539e+06,1.555954887557373672e-06
2.899258400219732895e+06,4.342239332602164685e-07
2.903073213904232718e+06,1.718130551357518982e-07
2.906888027588732541e+06,6.905850248637848176e-07
2.910702841273231898e+06,1.474600672239329621e-07
2.914517654957731720e+06,4.070683142635793189e-07
2.918332468642231543e+06,2.309532250342414781e-07
2.922147282326730900e+06,1.208633845723707401e-07
2.925962096011230722e+06,3.492934051513301021e-07
2.929776909695730545e+06,4.588921944628618617e-07
2.933591723380229902e+06,3.123029444467741416e-07
2.937406537064729724e+06,1.845442634663062380e-07
2.941221350749229081e+06,1.165113840943963760e-07
2.945036164433728904e+06,2.883193862779435117e-07
2.948850978118228726e+06,6.008966834026930939e-07
2.952665791802728083e+06,4.949075178622144993e-07
2.956480605487227906e+06,8.171664475248368409e-08
2.960295419171727728e+06,1.222616016998861935e-07
2.964110232856227085e+06,4.416598642917184335e-08
2.967925046540726908e+06,2.620279207974076127e-07
2.971739860225226264e+06,2.243644417275453262e-08
2.975554673909726087e+06,2.789973937634601930e-07
2.979369487594225910e+06,5.226552142744794906e-07
2.983184301278725266e+06,4.645526145097342304e-07
2.986999114963225089e+06,2.109120821852746227e-07
2.990813928647724912e+06,2.397084974351140697e-07
2.994628742332224268e+06,9.091517738532853318e-08
2.998443556016724091e+06,6.497265068879894882e-09
3.002258369701223448e+06,3.548787456226305060e-08
3.006073183385723270e+06,1.380673750822468448e-07
3.009887997070223093e+06,9.108921612257774294e-08
3.013702810754722450e+06,2.553309251417962447e-07
3.017517624439222272e+06,5.672167091531142211e-07
3.021332438123722095e+06,4.792200645493927094e-07
3.025147251808221452e+06,4.035472855328245752e-07
3.028962065492721274e+06,7.478910236226661095e-07
3.032776879177220631e+06,1.421485096597990441e-07
3.036591692861720454e+06,3.734660576671021443e-07
3.040406506546220277e+06,4.677448296288762490e-07
3.044221320230719633e+06,1.030661908396386728e-07
3.048036133915219456e+06,6.721285459849788141e-07
3.051850947599719279e+06,4.092668389467189604e-07
3.055665761284218635e+06,9.706929777288561460e-08
3.059480574968718458e+06,2.962698021828689358e-08
3.063295388653217815e+06,2.449794781614477882e-07
3.067110202337717637e+06,4.823694927417023962e-07
3.070925016022217460e+06,1.584762105243319925e-07
3.074739829706716817e+06,4.489923883533442335e-08
3.078554643391216639e+06,1.300676502549644855e-07
3.082369457075716462e+06,6.837449158575520064e-08
3.086184270760215819e+06,8.083406040501225176e-09
3.089999084444715641e+06,3.154969946476778544e-07
3.093813898129214998e+06,6.401624816555989315e-07
3.097628711813714821e+06,2.492534030946522208e-07
3.101443525498214643e+06,2.272149966366504231e-07
3.105258339182714000e+06,5.672588331277349115e-07
3.109073152867213823e+06,1.813952110173562760e-07
3.112887966551713645e+06,3.614435353700370876e-07
3.116702780236213002e+06,1.010217796283636237e-06
3.120517593920712825e+06,7.540221503195985427e-07
3.124332407605212182e+06,1.161477938922868051e-06
3.128147221289712004e+06,4.397855580045890421e-07
3.131962034974211827e+06,2.448154908505690347e-07
3.135776848658711184e+06,1.152885665280544294e-06
3.139591662343211006e+06,8.222243339587047203e-07
3.143406476027710829e+06,1.248507048250858058e-06
3.147221289712210186e+06,1.194307179458065508e-06
3.151036103396710008e+06,4.183425436598171055e-07
3.154850917081209365e+06,1.301789451122586558e-07
3.158665730765709188e+06,4.577528759559308706e-07
3.162480544450209010e+06,9.972347330533044783e-07
3.166295358134708367e+06,1.173565199271404544e-06
3.170110171819208190e+06,8.788018049365240299e-07
3.173924985503708012e+06,5.047033298983633742e-07
3.177739799188207369e+06,1.575761784796494180e-07
3.181554612872707192e+06,1.299824574481726157e-08
3.185369426557207014e+06,1.774543688746286258e-07
3.189184240241706371e+06,6.423324531879709950e-12
3.192999053926206194e+06,4.509291854134584704e-07
3.196813867610705551e+06,3.967477636092289112e-07
3.200628681295205373e+06,1.944014085860353543e-09
3.204443494979705196e+06,1.433122827193762250e-08
3.208258308664204553e+06,1.061250753590547647e-07
3.212073122348704375e+06,1.273013487893197763e-07
3.215887936033204198e+06,1.765430476343061876e-07
3.219702749717703555e+06,5.700221898965524963e-08
3.223517563402203377e+06,7.015254125847904243e-07
3.227332377086702734e+06,2.017633311666417771e-06
3.231147190771202557e+06,3.905289891036529328e-07
3.234962004455702379e+06,3.878156021204754239e-07
3.238776818140201736e+06,5.319081234084176583e-07
3.242591631824701559e+06,1.063914397568791747e-07
3.246406445509201381e+06,1.011245925703777753e-07
3.250221259193700738e+06,2.135948135075775431e-07
3.254036072878200561e+06,8.802216555347128923e-07
3.257850886562699918e+06,1.048363699126730525e-07
3.261665700247199740e+06,6.652071061465835476e-07
3.265480513931699563e+06,1.109015713275674523e-06
3.269295327616198920e+06,1.081239943603727753e-07
3.273110141300698742e+06,2.824704961283852736e-07
3.276924954985198565e+06,2.537889966474979872e-07
3.280739768669697922e+06,3.230098855114233114e-08
3.284554582354197744e+06,1.843687112558259848e-07
3.288369396038697101e+06,1.966213093044473384e-07
3.292184209723196924e+06,3.350136908992216764e-08
3.295999023407696746e+06,2.786540908488742750e-07
3.299813837092196103e+06,2.067499766688858653e-07
3.303628650776695926e+06,6.686116541217839031e-08
3.307443464461195748e+06,1.310960578632345631e-07
3.311258278145695105e+06,1.064759504433361763e-06
3.315073091830194928e+06,6.763591071404281028e-07
3.318887905514694285e+06,1.129152933494637643e-07
3.322702719199194107e+06,1.111237652692356310e-06
3.326517532883693930e+06,1.677724124615680610e-06
3.330332346568193287e+06,6.056347767263982997e-06
3.334147160252693109e+06,8.942433502565765396e-06
3.337961973937192932e+06,3.150118128638483092e-06
3.341776787621692289e+06,2.469460366881983197e-08
3.345591601306192111e+06,6.908443417291564888e-07
3.349406414990691468e+06,7.991061087298128289e-07
3.353221228675191291e+06,2.140779314144811329e-06
3.357036042359691113e+06,1.702688546727118468e-06
3.360850856044190470e+06,5.526853476078416594e-07
3.364665669728690293e+06,4.185373435644089540e-07
3.368480483413190115e+06,7.912688674287835200e-07
3.372295297097689472e+06,1.257918319737993834e-07
3.376110110782189295e+06,5.004040481144743596e-07
3.379924924466688652e+06,4.224852465990884372e-07
3.383739738151188474e+06,4.183250261939461634e-07
3.387554551835688297e+06,2.013622821227885602e-07
3.391369365520187654e+06,1.965595139401928218e-07
3.395184179204687476e+06,6.072095250930571768e-07
3.398998992889187299e+06,3.080304116302299888e-07
3.402813806573686656e+06,1.479972555785760954e-07
3.406628620258186478e+06,3.471617695957228820e-07
3.410443433942685835e+06,3.068030642433976355e-07
3.414258247627185658e+06,2.428030218092999891e-07
3.418073061311685480e+06,4.292402340918796219e-07
3.421887874996184837e+06,3.096743898000204274e-07
3.425702688680684660e+06,1.085796426776675850e-06
3.429517502365184482e+06,5.317372241581254447e-08
3.433332316049683839e+06,1.368234463576227045e-06
3.437147129734183662e+06,1.416930171540771464e-06
3.440961943418683484e+06,1.809053766919396246e-10
3.444776757103182841e+06,9.629340920208202036e-07
3.448591570787682664e+06,4.143482988134825757e-07
3.452406384472182021e+06,3.941303133116150238e-07
3.456221198156681843e+06,1.135052977214776363e-06
3.460036011841181666e+06,1.362769430529283641e-07
3.463850825525681023e+06,2.750225558034578543e-07
3.467665639210180845e+06,2.216343893322261407e-07
3.471480452894680668e+06,4.605117007806691979e-07
3.475295266579180025e+06,3.708096182115156285e-07
3.479110080263679847e+06,2.709693643859113536e-07
3.482924893948179204e+06,6.777926100585403276e-07
3.486739707632679027e+06,3.424463700121867529e-07
3.490554521317178849e+06,6.529682073030017482e-08
3.494369335001678206e+06,7.316468787827198211e-08
3.498184148686178029e+06,7.591736105790336754e-09
3.501998962370677851e+06,1.044787863476456381e-07
3.505813776055177208e+06,3.088524766491567314e-07
3.509628589739677031e+06,3.108655046639721071e-07
3.513443403424176387e+06,1.554254314037868318e-07
3.517258217108676210e+06,1.224645784265971420e-07
3.521073030793176033e+06,1.049263915987501636e-06
3.524887844477675389e+06,1.165237799732443875e-06
3.528702658162175212e+06,3.800951338387250852e-07
3.532517471846675035e+06,2.259736172261704191e-08
3.536332285531174392e+06,4.341825595623559527e-08
3.540147099215674214e+06,4.351357924953491551e-07
3.543961912900173571e+06,7.854776533935743614e-07
3.547776726584673394e+06,3.055904450670430267e-07
3.551591540269173216e+06,1.258212080112402612e-06
3.555406353953672573e+06,6.432665398340765270e-07
3.559221167638172396e+06,1.203950874151399117e-07
3.563035981322672218e+06,6.430942025181504549e-07
3.566850795007171575e+06,1.583152783640368153e-07
3.570665608691671398e+06,1.341084690472507597e-07
3.574480422376170754e+06,1.824033468229885684e-06
3.578295236060670577e+06,1.590237601404616585e-06
3.582110049745170400e+06,2.159276266509077353e-08
3.585924863429669756e+06,6.065820482850877191e-07
3.589739677114169579e+06,1.933557676397879497e-08
3.593554490798669402e+06,5.152730184933623044e-07
3.597369304483168758e+06,2.825074936742066920e-07
3.601184118167668581e+06,2.605156919750588462e-07
3.604998931852167938e+06,1.367821493361765487e-08
3.608813745536667760e+06,3.527924570879280454e-07
3.612628559221167583e+06,7.916716264262304366e-07
3.616443372905666940e+06,1.170095451754516559e-06
3.620258186590166762e+06,2.162785810601333201e-07
3.624073000274666585e+06,1.593919278592309543e-06
3.627887813959165942e+06,2.055241750312364437e-06
3.631702627643665764e+06,4.494719438333510041e-07
3.635517441328165121e+06,7.773602971057763488e-08
3.639332255012664944e+06,3.338235726621708598e-07
3.643147068697164766e+06,1.373227314439631295e-06
3.646961882381664123e+06,1.523232695006161315e-06
3.650776696066163946e+06,6.164644791459141811e-07
3.654591509750663769e+06,4.027206279853696208e-07
3.658406323435163125e+06,8.406214602023336931e-07
3.662221137119662948e+06,8.568964602344773280e-07
3.666035950804162771e+06,1.265864398713907002e-07
3.669850764488662127e+06,5.242726211604010416e-07
3.673665578173161950e+06,3.449610044423131164e-07
3.677480391857661307e+06,1.794181698719094611e-07
3.681295205542161129e+06,2.076352464783549600e-07
3.685110019226660952e+06,3.225555447718037625e-08
3.688924832911160309e+06,2.313275020711687921e-08
3.692739646595660131e+06,1.096398459978237787e-07
3.696554460280159954e+06,3.645268661443741678e-08
3.700369273964659311e+06,1.387433442802916899e-07
3.704184087649159133e+06,5.488536708921759584e-08
3.707998901333658490e+06,1.783812855855604037e-07
3.711813715018158313e+06,5.824993798225719116e-07
3.715628528702658135e+06,4.143385715826227132e-07
3.719443342387157492e+06,5.406154816149573531e-07
3.723258156071657315e+06,4.831445972607289934e-07
3.727072969756157137e+06,2.274767916411786647e-07
3.730887783440656494e+06,4.493481578118810221e-08
3.734702597125156317e+06,1.582847483406262297e-07
3.738517410809655674e+06,6.722973133403555981e-08
3.742332224494155496e+06,2.251831960016260734e-07
3.746147038178655319e+06,3.629145467939373604e-07
3.749961851863154676e+06,1.646964227623211062e-07
3.753776665547654498e+06,2.777283020931398694e-07
3.757591479232154321e+06,5.899937334615746101e-07
3.761406292916653678e+06,7.585097098376078632e-08
3.765221106601153500e+06,1.924055547229109156e-07
3.769035920285652857e+06,2.473129063161088468e-07
3.772850733970152680e+06,7.996074610667819827e-07
3.776665547654652502e+06,1.098935099867445517e-06
3.780480361339151859e+06,2.882901664963682581e-07
3.784295175023651682e+06,1.000272517736258264e-07
3.788109988708151504e+06,2.871837621803572393e-07
3.791924802392650861e+06,3.262880682911105846e-07
3.795739616077150684e+06,1.512741248796209759e-06
3.799554429761650041e+06,1.713991416395289536e-06
3.803369243446149863e+06,1.399731301875683793e-07
3.807184057130649686e+06,5.875282153131545964e-07
3.810998870815149043e+06,1.050162624812497923e-07
3.814813684499648865e+06,1.795587974680280069e-07
3.818628498184148688e+06,4.558441605179096434e-10
3.822443311868648045e+06,5.923962815144510653e-07
3.826258125553147867e+06,3.106372329412929958e-07
3.830072939237647224e+06,2.435807737502587577e-07
3.833887752922147047e+06,1.184080589755063398e-06
3.837702566606646869e+06,7.453586296334110808e-07
3.841517380291146226e+06,2.948631017934453620e-07
3.845332193975646049e+06,3.052649530586393919e-07
3.849147007660145871e+06,2.953439716405558036e-07
3.852961821344645228e+06,3.452909086334859375e-07
3.856776635029145051e+06,5.442350809081701988e-07
3.860591448713644408e+06,5.289703455486696534e-07
3.864406262398144230e+06,3.810805771689846582e-07
3.868221076082644053e+06,1.153777029247236366e-07
3.872035889767143410e+06,3.561933261385161548e-08
3.875850703451643232e+06,6.615123350453622659e-08
3.879665517136143055e+06,3.632622308087134161e-07
3.883480330820642412e+06,3.121679961379433440e-07
3.887295144505142234e+06,5.806730598330001557e-07
3.891109958189641591e+06,1.172998319192132456e-06
3.894924771874141414e+06,3.472241722198961073e-07
3.898739585558641236e+06,5.267198795815074697e-09
3.902554399243140593e+06,1.537903996444529419e-07
3.906369212927640416e+06,4.708784459489353146e-07
3.910184026612140238e+06,1.262825518226652444e-07
3.913998840296639595e+06,3.941692315680092349e-07
3.917813653981139418e+06,8.682225736736420649e-07
3.921628467665639240e+06,5.951046642244328205e-07
3.925443281350138597e+06,4.132724785745780069e-07
3.929258095034638420e+06,5.168234727464926642e-07
3.933072908719137777e+06,1.122551249535244124e-07
3.936887722403637599e+06,9.490038872532266465e-08
3.940702536088137422e+06,5.764989313591977091e-07
3.944517349772636779e+06,5.481606703216560516e-07
3.948332163457136601e+06,3.889955589226374366e-08
3.952146977141636424e+06,3.999106520503776237e-07
3.955961790826135781e+06,5.517405360046979902e-07
3.959776604510635603e+06,1.479569737959716710e-07
3.963591418195134960e+06,1.103087177861576996e-07
3.967406231879634783e+06,1.995936135617064111e-07
3.971221045564134605e+06,3.951821587913489106e-07
3.975035859248633962e+06,4.622110182964150452e-07
3.978850672933133785e+06,4.116371130000591417e-07
3.982665486617633607e+06,4.233360754271910420e-07
3.986480300302132964e+06,1.346523142753851626e-07
3.990295113986632787e+06,2.653199795039942645e-07
3.994109927671132144e+06,7.295875618697406867e-07
3.997924741355631966e+06,2.363505349460195683e-06
4.001739555040131789e+06,1.569166411378728514e-06
4.005554368724631146e+06,6.236323081534207891e-07
4.009369182409130968e+06,3.030409771985528557e-06
4.013183996093630791e+06,2.782607225100720793e-06
4.016998809778130148e+06,1.039392272914401158e-06
4.020813623462629970e+06,7.253093238980118439e-07
4.024628437147129327e+06,5.194783324390955548e-07
4.028443250831629150e+06,4.746875296939924181e-07
4.032258064516128972e+06,6.344100181473098691e-07
4.036072878200628329e+06,3.798333501901729352e-07
4.039887691885128152e+06,1.210543638958604922e-07
4.043702505569627974e+06,2.785898570493139597e-07
4.047517319254127331e+06,4.887835376622514186e-07
4.051332132938627154e+06,5.214359914924357380e-07
4.055146946623126511e+06,5.491980967879165554e-07
4.058961760307626333e+06,1.840406210258716701e-07
4.062776573992126156e+06,5.067891486860737977e-07
4.066591387676625513e+06,2.393718524272572148e-06
4.070406201361125335e+06,9.584796660037923219e-07
4.074221015045625158e+06,1.400436092602109477e-07
4.078035828730124515e+06,6.760915006422657526e-07
4.081850642414624337e+06,1.859245060929135324e-07
4.085665456099123694e+06,1.313554589941585147e-07
4.089480269783623517e+06,5.445689055969976194e-07
4.093295083468123339e+06,9.291172632871865956e-07
4.097109897152622696e+06,2.169091371243642833e-07
4.100924710837122519e+06,1.190575785001762881e-07
4.104739524521622341e+06,4.114911926216548179e-09
4.108554338206121698e+06,4.365640989130794171e-07
4.112369151890621521e+06,2.168967719009182747e-07
4.116183965575120877e+06,1.571031091697129761e-07
4.119998779259620700e+06,5.655617919251763177e-07
4.123813592944120523e+06,9.591822518016039528e-08
4.127628406628619879e+06,2.581352992162023021e-07
4.131443220313119702e+06,3.644191038736409574e-07
4.135258033997619525e+06,1.109435193261805489e-07
4.139072847682118881e+06,1.164584790495545325e-06
4.142887661366618704e+06,1.018995492444673303e-06
4.146702475051118061e+06,6.367622459760364190e-07
4.150517288735617884e+06,5.332732718914171201e-07
4.154332102420117706e+06,8.831568365877075228e-08
4.158146916104617063e+06,7.605178420156213956e-08
4.161961729789116886e+06,5.770382177661025241e-07
4.165776543473616708e+06,6.764791515969977918e-07
4.169591357158116065e+06,1.429202300709484582e-07
4.173406170842615888e+06,6.184242094750706276e-08
4.177220984527115710e+06,9.609919438388320125e-08
4.181035798211615067e+06,1.926406223908308383e-07
4.184850611896114890e+06,5.097212849281895660e-09
4.188665425580614246e+06,4.486606251230929317e-07
4.192480239265114069e+06,8.727022050510948050e-07
4.196295052949613892e+06,2.797656881839482907e-07
4.200109866634113714e+06,1.075595892677289527e-07
4.203924680318612605e+06,7.290318360345170164e-07
4.207739494003112428e+06,6.056803486375104006e-07
4.211554307687612250e+06,4.202728918149615757e-07
4.215369121372112073e+06,6.061129192300253161e-07
4.219183935056611896e+06,4.833740216948482262e-07
4.222998748741111718e+06,6.069753334135821114e-07
4.226813562425610609e+06,3.251227593857441428e-07
4.230628376110110432e+06,2.591311364199174271e-08
4.234443189794610254e+06,2.658091254016759655e-07
4.238258003479110077e+06,3.277424261377694533e-08
4.242072817163609900e+06,1.351952717689374270e-07
4.245887630848108791e+06,5.675195270360681125e-07
4.249702444532608613e+06,2.718327025774256695e-07
4.253517258217108436e+06,7.815017027541242160e-08
4.257332071901608258e+06,2.800734476596811206e-07
4.261146885586108081e+06,5.831694134076313120e-08
4.264961699270606972e+06,6.086032644350746535e-08
4.268776512955106795e+06,1.784356881723881755e-07
4.272591326639606617e+06,1.939078097738501347e-07
4.276406140324106440e+06,9.442531318093168104e-09
4.280220954008606263e+06,1.670983500490737315e-07
4.284035767693106085e+06,3.517726833454066663e-07
4.287850581377604976e+06,4.239539151713484605e-07
4.291665395062104799e+06,1.358198680157736118e-07
4.295480208746604621e+06,3.917089768664719657e-08
4.299295022431104444e+06,3.619461303222612277e-07
4.303109836115604267e+06,7.590640725642006754e-07
4.306924649800103158e+06,1.640821918156829653e-07
4.310739463484602980e+06,1.190241924497128891e-07
4.314554277169102803e+06,6.907426756028372154e-09
4.318369090853602625e+06,3.354816678938751885e-07
4.322183904538102448e+06,9.155547770555852997e-07
4.325998718222601339e+06,9.800001283260998249e-07
4.329813531907101162e+06,7.506084601635178524e-07
4.333628345591600984e+06,3.150306020633392139e-07
4.337443159276100807e+06,3.242351263157530230e-07
4.341257972960600629e+06,3.866499657629697614e-07
4.345072786645100452e+06,7.555304856669325160e-07
4.348887600329599343e+06,4.165495053337491515e-07
4.352702414014099166e+06,2.980688754951322262e-07
4.356517227698598988e+06,2.837376032137144182e-07
4.360332041383098811e+06,2.354251700249006379e-07
4.364146855067598633e+06,3.438806877611418842e-07
4.367961668752097525e+06,1.438576530432397634e-07
4.371776482436597347e+06,2.174943433950660154e-07
4.375591296121097170e+06,6.042004291835354613e-07
4.379406109805596992e+06,9.894295744838416601e-07
4.383220923490096815e+06,4.185885632699267355e-08
4.387035737174595706e+06,4.924844281404243997e-07
4.390850550859095529e+06,8.347549938464041713e-07
4.394665364543595351e+06,7.128958939563059303e-07
4.398480178228095174e+06,6.148428576930346872e-07
4.402294991912594996e+06,1.791720748215120183e-07
4.406109805597094819e+06,3.080506407660795215e-07
4.409924619281593710e+06,6.001655235545094497e-07
4.413739432966093533e+06,4.706227459095455336e-07
4.417554246650593355e+06,3.243390370021239933e-07
4.421369060335093178e+06,3.427868428002484524e-07
4.425183874019593000e+06,6.546763181407614381e-07
4.428998687704091892e+06,1.054642972255783258e-06
4.432813501388591714e+06,6.225195446108829462e-07
4.436628315073091537e+06,9.059252804579322600e-08
4.440443128757591359e+06,2.655372052517762619e-07
4.444257942442091182e+06,1.698418606324592141e-07
4.448072756126591004e+06,8.745521737697747551e-07
4.451887569811089896e+06,6.376398778102944364e-09
4.455702383495589718e+06,8.805777058904876440e-07
4.459517197180089541e+06,2.669711111041662800e-07
4.463332010864589363e+06,5.992562951216560475e-07
4.467146824549089186e+06,2.184136701253781678e-06
4.470961638233588077e+06,1.174673211236957755e-06
4.474776451918087900e+06,2.916843158604687470e-08
4.478591265602587722e+06,5.306056201482340527e-07
4.482406079287087545e+06,1.251583881505892953e-07
4.486220892971587367e+06,1.216771971883539021e-06
4.490035706656086259e+06,4.179576088473034918e-07
4.493850520340586081e+06,4.202487996092271821e-07
4.497665334025085904e+06,1.061666093950629383e-06
4.501480147709585726e+06,6.145146717261576051e-07
4.505294961394085549e+06,1.279550353743326928e-08
4.509109775078585371e+06,5.484652613142327082e-07
4.512924588763084263e+06,5.761337801599616545e-07
4.516739402447584085e+06,4.393163629550449914e-08
4.520554216132083908e+06,9.182412346492298944e-08
4.524369029816583730e+06,5.634176280349384913e-07
4.528183843501083553e+06,8.696526732025411058e-07
4.531998657185582444e+06,6.873799517673504263e-07
4.535813470870082267e+06,1.169651481179240080e-06
4.539628284554582089e+06,1.532230547571671300e-06
4.543443098239081912e+06,3.316993434806188139e-07
4.547257911923581734e+06,9.105973867989373132e-07
4.551072725608080626e+06,2.476957786903024507e-06
4.554887539292580448e+06,1.437432107315879862e-06
4.558702352977080271e+06,9.200515651081398981e-07
4.562517166661580093e+06,1.968439399631213300e-07
4.566331980346079916e+06,4.961899893495566384e-08
4.570146794030579738e+06,3.028243248081031241e-07
4.573961607715078630e+06,1.077571854439406847e-06
4.577776421399578452e+06,2.669870035548613908e-07
4.581591235084078275e+06,9.335995124505832778e-07
4.585406048768578097e+06,1.974130446229247336e-06
4.589220862453077920e+06,4.603641242921126579e-07
4.593035676137576811e+06,5.560861772646460881e-08
4.596850489822076634e+06,3.068846175013863550e-07
4.600665303506576456e+06,3.344140958212564309e-07
4.604480117191076279e+06,3.165149889696988906e-07
4.608294930875576101e+06,1.209001350200847566e-07
4.612109744560074992e+06,2.251072755765487485e-07
4.615924558244574815e+06,5.897782423269805586e-07
4.619739371929074638e+06,4.699613939685629100e-08
4.623554185613574460e+06,9.691086786517148747e-07
4.627368999298074283e+06,9.234067220562058792e-07
4.631183812982574105e+06,5.324324728975859424e-08
4.634998626667072996e+06,5.055750153987509514e-08
4.638813440351572819e+06,2.639010404830905123e-07
4.642628254036072642e+06,1.647075101947644228e-06
4.646443067720572464e+06,9.750923732267295016e-07
4.650257881405072287e+06,2.508780557779806170e-07
4.654072695089571178e+06,2.116775714872606139e-06
4.657887508774071001e+06,9.890437623023529723e-07
4.661702322458570823e+06,1.038287955789252285e-06
4.665517136143070646e+06,8.550867936550991221e-07
4.669331949827570468e+06,7.802363171789602057e-08
4.673146763512070291e+06,2.665690176356441409e-07
4.676961577196569182e+06,2.916205980439272995e-07
4.680776390881069005e+06,5.781572556924318374e-07
4.684591204565568827e+06,7.578583761969389420e-07
4.688406018250068650e+06,3.199537478027901297e-07
4.692220831934568472e+06,1.482345252758192867e-07
4.696035645619067363e+06,1.180565238361511147e-07
4.699850459303567186e+06,2.077356321071614104e-07
4.703665272988067009e+06,1.025497624466822755e-06
4.707480086672566831e+06,4.235913546061564554e-07
4.711294900357066654e+06,5.142381289157805928e-07
4.715109714041565545e+06,1.259726101075051893e-06
4.718924527726065367e+06,4.839619874758719063e-07
4.722739341410565190e+06,4.854648833513964213e-07
4.726554155095065013e+06,1.246768256325292905e-07
4.730368968779564835e+06,1.595216477799297868e-07
4.734183782464064658e+06,2.610583931776033044e-07
4.737998596148563549e+06,4.478383412258549653e-07
4.741813409833063371e+06,5.960657813349346795e-07
4.745628223517563194e+06,1.610418826433905723e-06
4.749443037202063017e+06,9.498126779386092023e-07
4.753257850886562839e+06,6.688251732206667643e-09
4.757072664571061730e+06,2.918518676820201351e-07
4.760887478255561553e+06,5.669893610674515447e-07
4.764702291940061375e+06,4.075593791189074399e-07
4.768517105624561198e+06,1.629008654883831342e-08
4.772331919309061021e+06,2.277804048376777614e-07
4.776146732993559912e+06,2.395286122165765530e-07
4.779961546678059734e+06,1.384258094018251975e-07
4.783776360362559557e+06,1.988463344454504446e-07
4.787591174047059380e+06,1.951623911880990182e-07
4.791405987731559202e+06,5.582215265691514624e-07
4.795220801416059025e+06,7.631721108011993608e-07
4.799035615100557916e+06,7.969671558060221781e-07
4.802850428785057738e+06,7.282209562773859979e-07
4.806665242469557561e+06,1.518929839301308368e-06
4.810480056154057384e+06,1.761021633055723727e-06
4.814294869838557206e+06,3.450212913538762037e-07
4.818109683523056097e+06,5.798371123421355882e-08
4.821924497207555920e+06,1.185399802429177019e-06
4.825739310892055742e+06,3.406487247017072291e-06
4.829554124576555565e+06,2.275853841023449946e-06
4.833368938261055388e+06,9.071746725374176260e-07
4.837183751945554279e+06,2.407813102093796129e-07
4.840998565630054101e+06,9.936639980189761478e-08
4.844813379314553924e+06,4.616266419210017170e-07
4.848628192999053746e+06,5.372150374852961304e-07
4.852443006683553569e+06,1.572739928915052277e-07
4.856257820368053392e+06,2.255729749336543216e-06
4.860072634052552283e+06,1.827205655298547273e-06
4.863887447737052105e+06,7.438218034835467591e-08
4.867702261421551928e+06,1.837937442894157722e-06
4.871517075106051750e+06,1.949455405563973219e-06
4.875331888790551573e+06,7.895214333919974795e-07
4.879146702475050464e+06,4.266544607786864985e-07
4.882961516159550287e+06,4.008948831451885575e-07
4.886776329844050109e+06,4.684428681061569639e-08
4.890591143528549932e+06,1.516555926712538529e-06
4.894405957213049755e+06,2.775166989064552934e-06
4.898220770897549577e+06,1.821711925600141074e-06
4.902035584582048468e+06,4.924421560286672677e-07
4.905850398266548291e+06,2.036735106429519496e-07
4.909665211951048113e+06,1.013529671299558649e-07
4.913480025635547936e+06,7.852942415975514279e-08
4.917294839320047759e+06,4.566845809392856494e-08
4.921109653004546650e+06,1.482317566280677191e-07
4.924924466689046472e+06,3.586778575974027770e-09
4.928739280373546295e+06,2.238023559221586537e-07
4.932554094058046117e+06,4.729112824093556801e-07
4.936368907742545940e+06,7.513940830084898591e-07
4.940183721427044831e+06,2.192343509540005712e-07
4.943998535111544654e+06,8.454732323226734270e-08
4.947813348796044476e+06,6.282167756538412996e-07
4.951628162480544299e+06,8.209480326849298039e-07
4.955442976165044121e+06,2.658921528732470073e-07
4.959257789849543944e+06,6.827223011788638683e-07
4.963072603534042835e+06,5.206472907743521833e-07
4.966887417218542658e+06,2.780433121135712005e-07
4.970702230903042480e+06,5.453161840958642673e-07
4.974517044587542303e+06,5.563228094022557151e-08
4.978331858272042125e+06,4.262112010240681420e-07
4.982146671956541017e+06,4.426131284039465007e-07
4.985961485641040839e+06,7.717995464809173388e-08
4.989776299325540662e+06,1.831654981952706008e-07
4.993591113010040484e+06,5.100326320029227801e-07
4.997405926694540307e+06,1.387671845347346513e-06
