-1.000000, 0.068591, 0.068591
-0.999000, 0.077380, 0.077374
-0.998000, 0.078687, 0.078674
-0.997000, 0.056372, 0.056353
-0.996000, 0.067981, 0.067955
-0.995000, 0.083569, 0.083537
-0.994000, 0.073767, 0.073728
-0.993000, 0.061633, 0.061588
-0.992000, 0.075891, 0.075839
-0.991000, 0.084302, 0.084243
-0.990000, 0.066895, 0.066830
-0.989000, 0.065808, 0.065737
-0.988000, 0.070239, 0.070161
-0.987000, 0.080591, 0.080506
-0.986000, 0.065417, 0.065327
-0.985000, 0.067969, 0.067871
-0.984000, 0.078967, 0.078863
-0.983000, 0.078455, 0.078344
-0.982000, 0.064880, 0.064763
-0.981000, 0.065491, 0.065367
-0.980000, 0.081189, 0.081059
-0.979000, 0.080518, 0.080381
-0.978000, 0.063965, 0.063822
-0.977000, 0.067688, 0.067539
-0.976000, 0.083740, 0.083584
-0.975000, 0.072534, 0.072372
-0.974000, 0.062793, 0.062624
-0.973000, 0.070117, 0.069942
-0.972000, 0.084998, 0.084816
-0.971000, 0.070898, 0.070710
-0.970000, 0.062683, 0.062488
-0.969000, 0.078650, 0.078448
-0.968000, 0.084607, 0.084399
-0.967000, 0.069189, 0.068975
-0.966000, 0.062268, 0.062047
-0.965000, 0.078113, 0.077885
-0.964000, 0.083826, 0.083592
-0.963000, 0.066577, 0.066337
-0.962000, 0.063123, 0.062876
-0.961000, 0.081946, 0.081692
-0.960000, 0.079089, 0.078829
-0.959000, 0.063245, 0.062978
-0.958000, 0.068616, 0.068343
-0.957000, 0.084082, 0.083803
-0.956000, 0.074353, 0.074067
-0.955000, 0.056079, 0.055787
-0.954000, 0.069702, 0.069403
-0.953000, 0.084863, 0.084558
-0.952000, 0.071545, 0.071234
-0.951000, 0.062561, 0.062243
-0.950000, 0.078516, 0.078191
-0.949000, 0.083911, 0.083580
-0.948000, 0.068408, 0.068070
-0.947000, 0.062634, 0.062290
-0.946000, 0.080676, 0.080325
-0.945000, 0.082910, 0.082553
-0.944000, 0.065283, 0.064919
-0.943000, 0.064331, 0.063961
-0.942000, 0.080103, 0.079726
-0.941000, 0.080725, 0.080342
-0.940000, 0.064771, 0.064381
-0.939000, 0.064844, 0.064447
-0.938000, 0.068335, 0.067932
-0.937000, 0.075854, 0.075445
-0.936000, 0.059668, 0.059252
-0.935000, 0.063806, 0.063384
-0.934000, 0.083911, 0.083482
-0.933000, 0.073230, 0.072795
-0.932000, 0.061877, 0.061436
-0.931000, 0.066296, 0.065848
-0.930000, 0.085083, 0.084628
-0.929000, 0.070837, 0.070376
-0.928000, 0.062219, 0.061751
-0.927000, 0.076086, 0.075612
-0.926000, 0.085144, 0.084663
-0.925000, 0.068018, 0.067530
-0.924000, 0.064819, 0.064326
-0.923000, 0.080835, 0.080335
-0.922000, 0.082324, 0.081817
-0.921000, 0.065918, 0.065405
-0.920000, 0.065210, 0.064690
-0.919000, 0.074438, 0.073912
-0.918000, 0.080371, 0.079838
-0.917000, 0.065674, 0.065135
-0.916000, 0.066699, 0.066153
-0.915000, 0.072449, 0.071896
-0.914000, 0.076733, 0.076175
-0.913000, 0.063989, 0.063424
-0.912000, 0.067627, 0.067055
-0.911000, 0.082983, 0.082405
-0.910000, 0.077197, 0.076613
-0.909000, 0.056445, 0.055854
-0.908000, 0.070227, 0.069629
-0.907000, 0.081714, 0.081110
-0.906000, 0.078345, 0.077734
-0.905000, 0.064148, 0.063531
-0.904000, 0.066333, 0.065709
-0.903000, 0.083057, 0.082426
-0.902000, 0.078516, 0.077879
-0.901000, 0.055151, 0.054508
-0.900000, 0.068762, 0.068113
-0.899000, 0.084436, 0.083780
-0.898000, 0.074622, 0.073959
-0.897000, 0.057813, 0.057143
-0.896000, 0.067200, 0.066524
-0.895000, 0.084241, 0.083559
-0.894000, 0.072327, 0.071638
-0.893000, 0.061780, 0.061085
-0.892000, 0.074854, 0.074152
-0.891000, 0.084351, 0.083642
-0.890000, 0.068420, 0.067706
-0.889000, 0.062952, 0.062231
-0.888000, 0.081299, 0.080571
-0.887000, 0.080981, 0.080247
-0.886000, 0.064600, 0.063859
-0.885000, 0.068958, 0.068210
-0.884000, 0.083740, 0.082987
-0.883000, 0.072400, 0.071640
-0.882000, 0.062830, 0.062063
-0.881000, 0.076892, 0.076119
-0.880000, 0.083594, 0.082814
-0.879000, 0.067456, 0.066670
-0.878000, 0.065503, 0.064710
-0.877000, 0.080078, 0.079279
-0.876000, 0.078528, 0.077722
-0.875000, 0.053247, 0.052435
-0.874000, 0.068518, 0.067699
-0.873000, 0.084021, 0.083196
-0.872000, 0.075305, 0.074474
-0.871000, 0.058191, 0.057353
-0.870000, 0.066931, 0.066087
-0.869000, 0.084180, 0.083329
-0.868000, 0.067981, 0.067123
-0.867000, 0.062537, 0.061673
-0.866000, 0.079333, 0.078463
-0.865000, 0.082715, 0.081838
-0.864000, 0.066931, 0.066048
-0.863000, 0.064124, 0.063233
-0.862000, 0.080750, 0.079853
-0.861000, 0.082031, 0.081128
-0.860000, 0.063904, 0.062994
-0.859000, 0.067188, 0.066271
-0.858000, 0.072803, 0.071880
-0.857000, 0.076575, 0.075646
-0.856000, 0.056897, 0.055961
-0.855000, 0.071716, 0.070774
-0.854000, 0.084509, 0.083561
-0.853000, 0.061035, 0.060080
-0.852000, 0.062146, 0.061184
-0.851000, 0.066846, 0.065878
-0.850000, 0.084753, 0.083779
-0.849000, 0.068933, 0.067952
-0.848000, 0.062476, 0.061488
-0.847000, 0.080457, 0.079463
-0.846000, 0.082849, 0.081849
-0.845000, 0.065991, 0.064984
-0.844000, 0.066699, 0.065686
-0.843000, 0.080847, 0.079827
-0.842000, 0.075146, 0.074120
-0.841000, 0.056714, 0.055681
-0.840000, 0.070447, 0.069407
-0.839000, 0.083484, 0.082438
-0.838000, 0.072424, 0.071372
-0.837000, 0.055249, 0.054190
-0.836000, 0.063989, 0.062924
-0.835000, 0.084631, 0.083559
-0.834000, 0.068469, 0.067391
-0.833000, 0.062695, 0.061610
-0.832000, 0.079236, 0.078144
-0.831000, 0.082495, 0.081397
-0.830000, 0.065247, 0.064142
-0.829000, 0.067981, 0.066870
-0.828000, 0.083508, 0.082391
-0.827000, 0.072791, 0.071667
-0.826000, 0.056799, 0.055669
-0.825000, 0.069104, 0.067967
-0.824000, 0.084619, 0.083476
-0.823000, 0.068262, 0.067112
-0.822000, 0.062659, 0.061502
-0.821000, 0.081531, 0.080368
-0.820000, 0.080371, 0.079202
-0.819000, 0.066638, 0.065462
-0.818000, 0.065820, 0.064638
-0.817000, 0.081042, 0.079854
-0.816000, 0.082214, 0.081019
-0.815000, 0.065076, 0.063874
-0.814000, 0.067456, 0.066248
-0.813000, 0.082629, 0.081414
-0.812000, 0.074536, 0.073315
-0.811000, 0.061450, 0.060222
-0.810000, 0.075647, 0.074413
-0.809000, 0.084558, 0.083317
-0.808000, 0.066980, 0.065733
-0.807000, 0.063220, 0.061966
-0.806000, 0.079175, 0.077914
-0.805000, 0.084570, 0.083303
-0.804000, 0.068542, 0.067269
-0.803000, 0.062939, 0.061660
-0.802000, 0.068604, 0.067317
-0.801000, 0.081604, 0.080311
-0.800000, 0.064746, 0.063447
-0.799000, 0.068347, 0.067041
-0.798000, 0.084119, 0.082806
-0.797000, 0.072485, 0.071166
-0.796000, 0.061877, 0.060552
-0.795000, 0.076184, 0.074852
-0.794000, 0.084863, 0.083525
-0.793000, 0.068433, 0.067088
-0.792000, 0.062891, 0.061539
-0.791000, 0.079028, 0.077670
-0.790000, 0.083130, 0.081766
-0.789000, 0.068860, 0.067489
-0.788000, 0.062939, 0.061562
-0.787000, 0.080750, 0.079366
-0.786000, 0.079456, 0.078065
-0.785000, 0.063745, 0.062348
-0.784000, 0.070142, 0.068738
-0.783000, 0.084033, 0.082623
-0.782000, 0.072913, 0.071496
-0.781000, 0.060864, 0.059441
-0.780000, 0.073987, 0.072557
-0.779000, 0.084900, 0.083464
-0.778000, 0.071887, 0.070445
-0.777000, 0.059778, 0.058329
-0.776000, 0.073279, 0.071823
-0.775000, 0.084131, 0.082669
-0.774000, 0.074097, 0.072628
-0.773000, 0.055042, 0.053567
-0.772000, 0.070471, 0.068990
-0.771000, 0.084045, 0.082558
-0.770000, 0.070923, 0.069429
-0.769000, 0.062305, 0.060804
-0.768000, 0.078662, 0.077155
-0.767000, 0.083875, 0.082361
-0.766000, 0.069263, 0.067742
-0.765000, 0.062830, 0.061303
-0.764000, 0.080042, 0.078508
-0.763000, 0.084229, 0.082689
-0.762000, 0.066516, 0.064970
-0.761000, 0.063257, 0.061704
-0.760000, 0.079749, 0.078189
-0.759000, 0.078882, 0.077316
-0.758000, 0.064539, 0.062966
-0.757000, 0.067993, 0.066414
-0.756000, 0.083765, 0.082179
-0.755000, 0.072314, 0.070723
-0.754000, 0.061743, 0.060145
-0.753000, 0.076782, 0.075177
-0.752000, 0.085229, 0.083618
-0.751000, 0.068079, 0.066461
-0.750000, 0.062244, 0.060619
-0.749000, 0.076807, 0.075176
-0.748000, 0.084033, 0.082396
-0.747000, 0.069043, 0.067399
-0.746000, 0.062427, 0.060777
-0.745000, 0.079126, 0.077469
-0.744000, 0.083569, 0.081906
-0.743000, 0.065967, 0.064297
-0.742000, 0.065442, 0.063766
-0.741000, 0.074988, 0.073305
-0.740000, 0.079187, 0.077498
-0.739000, 0.061755, 0.060060
-0.738000, 0.070374, 0.068671
-0.737000, 0.083215, 0.081507
-0.736000, 0.077100, 0.075384
-0.735000, 0.054761, 0.053039
-0.734000, 0.072559, 0.070830
-0.733000, 0.084265, 0.082530
-0.732000, 0.072034, 0.070293
-0.731000, 0.059473, 0.057725
-0.730000, 0.069690, 0.067936
-0.729000, 0.084277, 0.082517
-0.728000, 0.061462, 0.059695
-0.727000, 0.062952, 0.061178
-0.726000, 0.077075, 0.075295
-0.725000, 0.082446, 0.080660
-0.724000, 0.065845, 0.064052
-0.723000, 0.066992, 0.065193
-0.722000, 0.071570, 0.069764
-0.721000, 0.077600, 0.075787
-0.720000, 0.064526, 0.062707
-0.719000, 0.066589, 0.064764
-0.718000, 0.081934, 0.080101
-0.717000, 0.076880, 0.075041
-0.716000, 0.063965, 0.062120
-0.715000, 0.067065, 0.065214
-0.714000, 0.076270, 0.074411
-0.713000, 0.080139, 0.078275
-0.712000, 0.063647, 0.061776
-0.711000, 0.070923, 0.069045
-0.710000, 0.085168, 0.083284
-0.709000, 0.068176, 0.066286
-0.708000, 0.062415, 0.060517
-0.707000, 0.078491, 0.076588
-0.706000, 0.084644, 0.082733
-0.705000, 0.068335, 0.066418
-0.704000, 0.062183, 0.060260
-0.703000, 0.076965, 0.075036
-0.702000, 0.084949, 0.083013
-0.701000, 0.072583, 0.070640
-0.700000, 0.058093, 0.056144
-0.699000, 0.065747, 0.063791
-0.698000, 0.085083, 0.083121
-0.697000, 0.057483, 0.055514
-0.696000, 0.061450, 0.059475
-0.695000, 0.076624, 0.074642
-0.694000, 0.084985, 0.082997
-0.693000, 0.068079, 0.066084
-0.692000, 0.062500, 0.060499
-0.691000, 0.077612, 0.075605
-0.690000, 0.085168, 0.083154
-0.689000, 0.059680, 0.057660
-0.688000, 0.062415, 0.060388
-0.687000, 0.079675, 0.077642
-0.686000, 0.081201, 0.079161
-0.685000, 0.065527, 0.063481
-0.684000, 0.064172, 0.062119
-0.683000, 0.076465, 0.074405
-0.682000, 0.078796, 0.076730
-0.681000, 0.055603, 0.053531
-0.680000, 0.069421, 0.067342
-0.679000, 0.082275, 0.080190
-0.678000, 0.077344, 0.075252
-0.677000, 0.065051, 0.062953
-0.676000, 0.070654, 0.068549
-0.675000, 0.083557, 0.081446
-0.674000, 0.072131, 0.070013
-0.673000, 0.061658, 0.059533
-0.672000, 0.076196, 0.074065
-0.671000, 0.085071, 0.082933
-0.670000, 0.067615, 0.065471
-0.669000, 0.063428, 0.061277
-0.668000, 0.079822, 0.077665
-0.667000, 0.083594, 0.081430
-0.666000, 0.067297, 0.065127
-0.665000, 0.064526, 0.062350
-0.664000, 0.080688, 0.078506
-0.663000, 0.080322, 0.078133
-0.662000, 0.064270, 0.062074
-0.661000, 0.067603, 0.065400
-0.660000, 0.083008, 0.080799
-0.659000, 0.075586, 0.073370
-0.658000, 0.059570, 0.057348
-0.657000, 0.067090, 0.064861
-0.656000, 0.084534, 0.082299
-0.655000, 0.068542, 0.066301
-0.654000, 0.063306, 0.061058
-0.653000, 0.080859, 0.078605
-0.652000, 0.080969, 0.078708
-0.651000, 0.066345, 0.064078
-0.650000, 0.065942, 0.063668
-0.649000, 0.074902, 0.072622
-0.648000, 0.079248, 0.076961
-0.647000, 0.055530, 0.053236
-0.646000, 0.072058, 0.069758
-0.645000, 0.085327, 0.083021
-0.644000, 0.070874, 0.068561
-0.643000, 0.062573, 0.060254
-0.642000, 0.067371, 0.065045
-0.641000, 0.084363, 0.082030
-0.640000, 0.060815, 0.058477
-0.639000, 0.062048, 0.059703
-0.638000, 0.077905, 0.075553
-0.637000, 0.083862, 0.081504
-0.636000, 0.067505, 0.065140
-0.635000, 0.062695, 0.060324
-0.634000, 0.080225, 0.077847
-0.633000, 0.080542, 0.078158
-0.632000, 0.064600, 0.062209
-0.631000, 0.068848, 0.066450
-0.630000, 0.083362, 0.080958
-0.629000, 0.073743, 0.071332
-0.628000, 0.061755, 0.059339
-0.627000, 0.067114, 0.064691
-0.626000, 0.083923, 0.081493
-0.625000, 0.071228, 0.068792
-0.624000, 0.061926, 0.059483
-0.623000, 0.076819, 0.074370
-0.622000, 0.084973, 0.082517
-0.621000, 0.063000, 0.060538
-0.620000, 0.062744, 0.060275
-0.619000, 0.076099, 0.073623
-0.618000, 0.084192, 0.081710
-0.617000, 0.071484, 0.068996
-0.616000, 0.060950, 0.058455
-0.615000, 0.061511, 0.059010
-0.614000, 0.084619, 0.082111
-0.613000, 0.075745, 0.073230
-0.612000, 0.059399, 0.056879
-0.611000, 0.072791, 0.070263
-0.610000, 0.085327, 0.082793
-0.609000, 0.073413, 0.070873
-0.608000, 0.062280, 0.059733
-0.607000, 0.077087, 0.074534
-0.606000, 0.085510, 0.082950
-0.605000, 0.068567, 0.066001
-0.604000, 0.063647, 0.061075
-0.603000, 0.081287, 0.078707
-0.602000, 0.082544, 0.079958
-0.601000, 0.064490, 0.061897
-0.600000, 0.068469, 0.065870
-0.599000, 0.073853, 0.071247
-0.598000, 0.076770, 0.074158
-0.597000, 0.055054, 0.052435
-0.596000, 0.072217, 0.069592
-0.595000, 0.084534, 0.081902
-0.594000, 0.071985, 0.069347
-0.593000, 0.060413, 0.057768
-0.592000, 0.070410, 0.067759
-0.591000, 0.084949, 0.082291
-0.590000, 0.068372, 0.065708
-0.589000, 0.063525, 0.060855
-0.588000, 0.079370, 0.076693
-0.587000, 0.082349, 0.079665
-0.586000, 0.064917, 0.062227
-0.585000, 0.068054, 0.065358
-0.584000, 0.083948, 0.081245
-0.583000, 0.069214, 0.066505
-0.582000, 0.061475, 0.058759
-0.581000, 0.076355, 0.073633
-0.580000, 0.084338, 0.081610
-0.579000, 0.067065, 0.064330
-0.578000, 0.064844, 0.062102
-0.577000, 0.075122, 0.072374
-0.576000, 0.077124, 0.074369
-0.575000, 0.064880, 0.062119
-0.574000, 0.066711, 0.063944
-0.573000, 0.080847, 0.078073
-0.572000, 0.074573, 0.071792
-0.571000, 0.060730, 0.057943
-0.570000, 0.074585, 0.071791
-0.569000, 0.085046, 0.082246
-0.568000, 0.072607, 0.069801
-0.567000, 0.061707, 0.058893
-0.566000, 0.075757, 0.072937
-0.565000, 0.084863, 0.082037
-0.564000, 0.067236, 0.064404
-0.563000, 0.065283, 0.062444
-0.562000, 0.068323, 0.065477
-0.561000, 0.079053, 0.076201
-0.560000, 0.064172, 0.061314
-0.559000, 0.069653, 0.066788
-0.558000, 0.082751, 0.079880
-0.557000, 0.076245, 0.073367
-0.556000, 0.064465, 0.061581
-0.555000, 0.069812, 0.066921
-0.554000, 0.084204, 0.081306
-0.553000, 0.072827, 0.069923
-0.552000, 0.061938, 0.059028
-0.551000, 0.065930, 0.063013
-0.550000, 0.084509, 0.081586
-0.549000, 0.068640, 0.065710
-0.548000, 0.062891, 0.059954
-0.547000, 0.078943, 0.076000
-0.546000, 0.082153, 0.079204
-0.545000, 0.065540, 0.062583
-0.544000, 0.066956, 0.063993
-0.543000, 0.082837, 0.079868
-0.542000, 0.077124, 0.074148
-0.541000, 0.063257, 0.060275
-0.540000, 0.066541, 0.063552
-0.539000, 0.081653, 0.078658
-0.538000, 0.079517, 0.076515
-0.537000, 0.054993, 0.051985
-0.536000, 0.067175, 0.064161
-0.535000, 0.084692, 0.081671
-0.534000, 0.072449, 0.069421
-0.533000, 0.062964, 0.059930
-0.532000, 0.076501, 0.073461
-0.531000, 0.085181, 0.082134
-0.530000, 0.069226, 0.066173
-0.529000, 0.062622, 0.059562
-0.528000, 0.077014, 0.073948
-0.527000, 0.085046, 0.081973
-0.526000, 0.061243, 0.058163
-0.525000, 0.062341, 0.059255
-0.524000, 0.078931, 0.075838
-0.523000, 0.084497, 0.081398
-0.522000, 0.069067, 0.065962
-0.521000, 0.062878, 0.059766
-0.520000, 0.077979, 0.074860
-0.519000, 0.083826, 0.080701
-0.518000, 0.065991, 0.062860
-0.517000, 0.066675, 0.063537
-0.516000, 0.075317, 0.072173
-0.515000, 0.076294, 0.073143
-0.514000, 0.056287, 0.053129
-0.513000, 0.073987, 0.070823
-0.512000, 0.084692, 0.081522
-0.511000, 0.073572, 0.070395
-0.510000, 0.055078, 0.051895
-0.509000, 0.070752, 0.067562
-0.508000, 0.083472, 0.080275
-0.507000, 0.072937, 0.069734
-0.506000, 0.054834, 0.051625
-0.505000, 0.071240, 0.068024
-0.504000, 0.085388, 0.082166
-0.503000, 0.073096, 0.069867
-0.502000, 0.053333, 0.050097
-0.501000, 0.065759, 0.062517
-0.500000, 0.084827, 0.081578
-0.499000, 0.072009, 0.068754
-0.498000, 0.062036, 0.058775
-0.497000, 0.077185, 0.073917
-0.496000, 0.084680, 0.081406
-0.495000, 0.068884, 0.065603
-0.494000, 0.062549, 0.059261
-0.493000, 0.079285, 0.075991
-0.492000, 0.083325, 0.080025
-0.491000, 0.065796, 0.062489
-0.490000, 0.064673, 0.061359
-0.489000, 0.080579, 0.077259
-0.488000, 0.079272, 0.075946
-0.487000, 0.065967, 0.062634
-0.486000, 0.066614, 0.063274
-0.485000, 0.083032, 0.079686
-0.484000, 0.073633, 0.070280
-0.483000, 0.055237, 0.051878
-0.482000, 0.069995, 0.066630
-0.481000, 0.081592, 0.078220
-0.480000, 0.073987, 0.070608
-0.479000, 0.053162, 0.049777
-0.478000, 0.068762, 0.065371
-0.477000, 0.084595, 0.081197
-0.476000, 0.071387, 0.067982
-0.475000, 0.062170, 0.058760
-0.474000, 0.074976, 0.071558
-0.473000, 0.084106, 0.080683
-0.472000, 0.067578, 0.064148
-0.471000, 0.062671, 0.059234
-0.470000, 0.080176, 0.076732
-0.469000, 0.082104, 0.078655
-0.468000, 0.067322, 0.063865
-0.467000, 0.064954, 0.061491
-0.466000, 0.081299, 0.077829
-0.465000, 0.080640, 0.077164
-0.464000, 0.065381, 0.061899
-0.463000, 0.066223, 0.062734
-0.462000, 0.081665, 0.078170
-0.461000, 0.075000, 0.071498
-0.460000, 0.060815, 0.057307
-0.459000, 0.076855, 0.073341
-0.458000, 0.085193, 0.081672
-0.457000, 0.064099, 0.060571
-0.456000, 0.063086, 0.059552
-0.455000, 0.078613, 0.075072
-0.454000, 0.084045, 0.080498
-0.453000, 0.066797, 0.063243
-0.452000, 0.063586, 0.060026
-0.451000, 0.081042, 0.077476
-0.450000, 0.078870, 0.075296
-0.449000, 0.054846, 0.051266
-0.448000, 0.072131, 0.068545
-0.447000, 0.084412, 0.080819
-0.446000, 0.071375, 0.067775
-0.445000, 0.062183, 0.058577
-0.444000, 0.067896, 0.064283
-0.443000, 0.084668, 0.081049
-0.442000, 0.072375, 0.068750
-0.441000, 0.062378, 0.058746
-0.440000, 0.076196, 0.072558
-0.439000, 0.085400, 0.081756
-0.438000, 0.057544, 0.053893
-0.437000, 0.062000, 0.058342
-0.436000, 0.069397, 0.065733
-0.435000, 0.084509, 0.080839
-0.434000, 0.068640, 0.064963
-0.433000, 0.063477, 0.059793
-0.432000, 0.079480, 0.075790
-0.431000, 0.081531, 0.077834
-0.430000, 0.064868, 0.061165
-0.429000, 0.069971, 0.066261
-0.428000, 0.083789, 0.080073
-0.427000, 0.071655, 0.067933
-0.426000, 0.062268, 0.058539
-0.425000, 0.078345, 0.074609
-0.424000, 0.083386, 0.079644
-0.423000, 0.068701, 0.064952
-0.422000, 0.062244, 0.058488
-0.421000, 0.079028, 0.075267
-0.420000, 0.083154, 0.079386
-0.419000, 0.066602, 0.062827
-0.418000, 0.063110, 0.059329
-0.417000, 0.080493, 0.076705
-0.416000, 0.080823, 0.077029
-0.415000, 0.064746, 0.060945
-0.414000, 0.067896, 0.064088
-0.413000, 0.082336, 0.078523
-0.412000, 0.077466, 0.073646
-0.411000, 0.064795, 0.060968
-0.410000, 0.069080, 0.065246
-0.409000, 0.083533, 0.079693
-0.408000, 0.075403, 0.071557
-0.407000, 0.057202, 0.053349
-0.406000, 0.072192, 0.068333
-0.405000, 0.084631, 0.080766
-0.404000, 0.073535, 0.069663
-0.403000, 0.057593, 0.053714
-0.402000, 0.071338, 0.067453
-0.401000, 0.084253, 0.080361
-0.400000, 0.072607, 0.068709
-0.399000, 0.060425, 0.056520
-0.398000, 0.071460, 0.067549
-0.397000, 0.083826, 0.079908
-0.396000, 0.072351, 0.068427
-0.395000, 0.062634, 0.058704
-0.394000, 0.077893, 0.073956
-0.393000, 0.084204, 0.080260
-0.392000, 0.067664, 0.063713
-0.391000, 0.062646, 0.058690
-0.390000, 0.078503, 0.074540
-0.389000, 0.084265, 0.080296
-0.388000, 0.066272, 0.062296
-0.387000, 0.061975, 0.057992
-0.386000, 0.078210, 0.074221
-0.385000, 0.083936, 0.079940
-0.384000, 0.067212, 0.063210
-0.383000, 0.063708, 0.059700
-0.382000, 0.081628, 0.077613
-0.381000, 0.079541, 0.075519
-0.380000, 0.062598, 0.058570
-0.379000, 0.071704, 0.067670
-0.378000, 0.084155, 0.080114
-0.377000, 0.072290, 0.068242
-0.376000, 0.061719, 0.057665
-0.375000, 0.074072, 0.070012
-0.374000, 0.084460, 0.080393
-0.373000, 0.073364, 0.069291
-0.372000, 0.060999, 0.056918
-0.371000, 0.075769, 0.071682
-0.370000, 0.084790, 0.080697
-0.369000, 0.058423, 0.054323
-0.368000, 0.062231, 0.058125
-0.367000, 0.067639, 0.063527
-0.366000, 0.084509, 0.080390
-0.365000, 0.073877, 0.069751
-0.364000, 0.062073, 0.057941
-0.363000, 0.075549, 0.071411
-0.362000, 0.084692, 0.080547
-0.361000, 0.060217, 0.056066
-0.360000, 0.062561, 0.058403
-0.359000, 0.075659, 0.071495
-0.358000, 0.085156, 0.080985
-0.357000, 0.068774, 0.064597
-0.356000, 0.062610, 0.058426
-0.355000, 0.081677, 0.077487
-0.354000, 0.080200, 0.076003
-0.353000, 0.065076, 0.060872
-0.352000, 0.068213, 0.064003
-0.351000, 0.083899, 0.079682
-0.350000, 0.072925, 0.068702
-0.349000, 0.056958, 0.052729
-0.348000, 0.072791, 0.068555
-0.347000, 0.084070, 0.079827
-0.346000, 0.073999, 0.069750
-0.345000, 0.061157, 0.056902
-0.344000, 0.075623, 0.071361
-0.343000, 0.084277, 0.080009
-0.342000, 0.068176, 0.063901
-0.341000, 0.062830, 0.058548
-0.340000, 0.080322, 0.076034
-0.339000, 0.081470, 0.077175
-0.338000, 0.064905, 0.060604
-0.337000, 0.066516, 0.062209
-0.336000, 0.082520, 0.078206
-0.335000, 0.074304, 0.069984
-0.334000, 0.061597, 0.057270
-0.333000, 0.075903, 0.071570
-0.332000, 0.084094, 0.079754
-0.331000, 0.066736, 0.062389
-0.330000, 0.062207, 0.057854
-0.329000, 0.080359, 0.075999
-0.328000, 0.080884, 0.076518
-0.327000, 0.064563, 0.060191
-0.326000, 0.070032, 0.065653
-0.325000, 0.084668, 0.080283
-0.324000, 0.075427, 0.071035
-0.323000, 0.060791, 0.056393
-0.322000, 0.067590, 0.063185
-0.321000, 0.084277, 0.079866
-0.320000, 0.058228, 0.053810
-0.319000, 0.062976, 0.058552
-0.318000, 0.080273, 0.075843
-0.317000, 0.081531, 0.077093
-0.316000, 0.065784, 0.061340
-0.315000, 0.066760, 0.062310
-0.314000, 0.070056, 0.065599
-0.313000, 0.076978, 0.072514
-0.312000, 0.051990, 0.047520
-0.311000, 0.072449, 0.067972
-0.310000, 0.084888, 0.080405
-0.309000, 0.058838, 0.054349
-0.308000, 0.061914, 0.057418
-0.307000, 0.073755, 0.069253
-0.306000, 0.084729, 0.080220
-0.305000, 0.061792, 0.057277
-0.304000, 0.063000, 0.058479
-0.303000, 0.076379, 0.071851
-0.302000, 0.084839, 0.080304
-0.301000, 0.068542, 0.064001
-0.300000, 0.062561, 0.058013
-0.299000, 0.076770, 0.072216
-0.298000, 0.085144, 0.080583
-0.297000, 0.068628, 0.064061
-0.296000, 0.062915, 0.058341
-0.295000, 0.078076, 0.073496
-0.294000, 0.083362, 0.078775
-0.293000, 0.066968, 0.062374
-0.292000, 0.064282, 0.059682
-0.291000, 0.072754, 0.068148
-0.290000, 0.076404, 0.071791
-0.289000, 0.064526, 0.059907
-0.288000, 0.069873, 0.065247
-0.287000, 0.083972, 0.079340
-0.286000, 0.074548, 0.069910
-0.285000, 0.055957, 0.051312
-0.284000, 0.063330, 0.058678
-0.283000, 0.084485, 0.079827
-0.282000, 0.060522, 0.055858
-0.281000, 0.062439, 0.057768
-0.280000, 0.077454, 0.072776
-0.279000, 0.084888, 0.080203
-0.278000, 0.067346, 0.062655
-0.277000, 0.065381, 0.060684
-0.276000, 0.081055, 0.076351
-0.275000, 0.083215, 0.078505
-0.274000, 0.065552, 0.060835
-0.273000, 0.064014, 0.059290
-0.272000, 0.070410, 0.065680
-0.271000, 0.081067, 0.076331
-0.270000, 0.065625, 0.060882
-0.269000, 0.066846, 0.062096
-0.268000, 0.083752, 0.078997
-0.267000, 0.073535, 0.068773
-0.266000, 0.053577, 0.048808
-0.265000, 0.072913, 0.068137
-0.264000, 0.085083, 0.080301
-0.263000, 0.070435, 0.065646
-0.262000, 0.062366, 0.057571
-0.261000, 0.076489, 0.071688
-0.260000, 0.084229, 0.079421
-0.259000, 0.072278, 0.067464
-0.258000, 0.061816, 0.056996
-0.257000, 0.077588, 0.072761
-0.256000, 0.084692, 0.079859
-0.255000, 0.068689, 0.063849
-0.254000, 0.062878, 0.058032
-0.253000, 0.079053, 0.074200
-0.252000, 0.081641, 0.076781
-0.251000, 0.064539, 0.059672
-0.250000, 0.068567, 0.063694
-0.249000, 0.083801, 0.078922
-0.248000, 0.072729, 0.067844
-0.247000, 0.060205, 0.055313
-0.246000, 0.067578, 0.062679
-0.245000, 0.083533, 0.078628
-0.244000, 0.066040, 0.061128
-0.243000, 0.062793, 0.057875
-0.242000, 0.078186, 0.073261
-0.241000, 0.083142, 0.078211
-0.240000, 0.068201, 0.063263
-0.239000, 0.063391, 0.058447
-0.238000, 0.080737, 0.075787
-0.237000, 0.080322, 0.075365
-0.236000, 0.066821, 0.061858
-0.235000, 0.063672, 0.058702
-0.234000, 0.073254, 0.068278
-0.233000, 0.077307, 0.072324
-0.232000, 0.064490, 0.059500
-0.231000, 0.068152, 0.063156
-0.230000, 0.083435, 0.078432
-0.229000, 0.060120, 0.055110
-0.228000, 0.062610, 0.057594
-0.227000, 0.076685, 0.071662
-0.226000, 0.083972, 0.078944
-0.225000, 0.068054, 0.063019
-0.224000, 0.063525, 0.058484
-0.223000, 0.081750, 0.076702
-0.222000, 0.081934, 0.076879
-0.221000, 0.064795, 0.059734
-0.220000, 0.065125, 0.060057
-0.219000, 0.081140, 0.076066
-0.218000, 0.080457, 0.075376
-0.217000, 0.063025, 0.057938
-0.216000, 0.070776, 0.065683
-0.215000, 0.085193, 0.080093
-0.214000, 0.072290, 0.067183
-0.213000, 0.062146, 0.057033
-0.212000, 0.077759, 0.072639
-0.211000, 0.083789, 0.078663
-0.210000, 0.068604, 0.063471
-0.209000, 0.062976, 0.057837
-0.208000, 0.080713, 0.075567
-0.207000, 0.080713, 0.075561
-0.206000, 0.064526, 0.059368
-0.205000, 0.068994, 0.063829
-0.204000, 0.076929, 0.071757
-0.203000, 0.077563, 0.072385
-0.202000, 0.053845, 0.048661
-0.201000, 0.072961, 0.067770
-0.200000, 0.083801, 0.078604
-0.199000, 0.075366, 0.070162
-0.198000, 0.053613, 0.048403
-0.197000, 0.071362, 0.066145
-0.196000, 0.084570, 0.079347
-0.195000, 0.070593, 0.065363
-0.194000, 0.062476, 0.057239
-0.193000, 0.066394, 0.061151
-0.192000, 0.084485, 0.079235
-0.191000, 0.068347, 0.063091
-0.190000, 0.063330, 0.058068
-0.189000, 0.081372, 0.076103
-0.188000, 0.079297, 0.074021
-0.187000, 0.054175, 0.048893
-0.186000, 0.071106, 0.065817
-0.185000, 0.083240, 0.077945
-0.184000, 0.076099, 0.070797
-0.183000, 0.064160, 0.058852
-0.182000, 0.066736, 0.061421
-0.181000, 0.083228, 0.077907
-0.180000, 0.077527, 0.072199
-0.179000, 0.064453, 0.059119
-0.178000, 0.066895, 0.061554
-0.177000, 0.082874, 0.077527
-0.176000, 0.077258, 0.071905
-0.175000, 0.064526, 0.059166
-0.174000, 0.066797, 0.061430
-0.173000, 0.072290, 0.066917
-0.172000, 0.078027, 0.072648
-0.171000, 0.063721, 0.058335
-0.170000, 0.067834, 0.062442
-0.169000, 0.073499, 0.068100
-0.168000, 0.077319, 0.071914
-0.167000, 0.056580, 0.051168
-0.166000, 0.064514, 0.059096
-0.165000, 0.083936, 0.078511
-0.164000, 0.068835, 0.063404
-0.163000, 0.063269, 0.057831
-0.162000, 0.080457, 0.075012
-0.161000, 0.079968, 0.074517
-0.160000, 0.065796, 0.060338
-0.159000, 0.065955, 0.060491
-0.158000, 0.066870, 0.061400
-0.157000, 0.079272, 0.073796
-0.156000, 0.064868, 0.059385
-0.155000, 0.069092, 0.063602
-0.154000, 0.075757, 0.070260
-0.153000, 0.079041, 0.073538
-0.152000, 0.064636, 0.059127
-0.151000, 0.068164, 0.062648
-0.150000, 0.083411, 0.077888
-0.149000, 0.075037, 0.069508
-0.148000, 0.054871, 0.049335
-0.147000, 0.073364, 0.067822
-0.146000, 0.085144, 0.079596
-0.145000, 0.071790, 0.066235
-0.144000, 0.062219, 0.056658
-0.143000, 0.077966, 0.072398
-0.142000, 0.084180, 0.078605
-0.141000, 0.068433, 0.062852
-0.140000, 0.064087, 0.058500
-0.139000, 0.079736, 0.074142
-0.138000, 0.082959, 0.077359
-0.137000, 0.067004, 0.061398
-0.136000, 0.065796, 0.060183
-0.135000, 0.080359, 0.074739
-0.134000, 0.077673, 0.072047
-0.133000, 0.063672, 0.058039
-0.132000, 0.068933, 0.063294
-0.131000, 0.083850, 0.078204
-0.130000, 0.072034, 0.066381
-0.129000, 0.061646, 0.055987
-0.128000, 0.073096, 0.067430
-0.127000, 0.084558, 0.078886
-0.126000, 0.071802, 0.066123
-0.125000, 0.060938, 0.055253
-0.124000, 0.074377, 0.068686
-0.123000, 0.084778, 0.079080
-0.122000, 0.068140, 0.062435
-0.121000, 0.061963, 0.056252
-0.120000, 0.078198, 0.072481
-0.119000, 0.083801, 0.078077
-0.118000, 0.067078, 0.061347
-0.117000, 0.062805, 0.057068
-0.116000, 0.078955, 0.073212
-0.115000, 0.084460, 0.078711
-0.114000, 0.066980, 0.061224
-0.113000, 0.063611, 0.057848
-0.112000, 0.069592, 0.063823
-0.111000, 0.079675, 0.073900
-0.110000, 0.063940, 0.058158
-0.109000, 0.068616, 0.062827
-0.108000, 0.083777, 0.077982
-0.107000, 0.072339, 0.066537
-0.106000, 0.062170, 0.056362
-0.105000, 0.078027, 0.072213
-0.104000, 0.083606, 0.077785
-0.103000, 0.068518, 0.062690
-0.102000, 0.062744, 0.056910
-0.101000, 0.079785, 0.073944
-0.100000, 0.083459, 0.077612
-0.099000, 0.068030, 0.062176
-0.098000, 0.063098, 0.057238
-0.097000, 0.079114, 0.073247
-0.096000, 0.083301, 0.077428
-0.095000, 0.065906, 0.060026
-0.094000, 0.066553, 0.060667
-0.093000, 0.081506, 0.075614
-0.092000, 0.074219, 0.068320
-0.091000, 0.060315, 0.054409
-0.090000, 0.069055, 0.063143
-0.089000, 0.083899, 0.077980
-0.088000, 0.072803, 0.066878
-0.087000, 0.055444, 0.049513
-0.086000, 0.063428, 0.057490
-0.085000, 0.084705, 0.078760
-0.084000, 0.074426, 0.068475
-0.083000, 0.060803, 0.054846
-0.082000, 0.075330, 0.069365
-0.081000, 0.085205, 0.079234
-0.080000, 0.070190, 0.064213
-0.079000, 0.061548, 0.055564
-0.078000, 0.077026, 0.071036
-0.077000, 0.083984, 0.077988
-0.076000, 0.066638, 0.060635
-0.075000, 0.065112, 0.059103
-0.074000, 0.081104, 0.075087
-0.073000, 0.082739, 0.076717
-0.072000, 0.066272, 0.060243
-0.071000, 0.063269, 0.057233
-0.070000, 0.080188, 0.074146
-0.069000, 0.078564, 0.072516
-0.068000, 0.054956, 0.048901
-0.067000, 0.070410, 0.064349
-0.066000, 0.084094, 0.078026
-0.065000, 0.072266, 0.066191
-0.064000, 0.061853, 0.055772
-0.063000, 0.073230, 0.067142
-0.062000, 0.084924, 0.078830
-0.061000, 0.073877, 0.067776
-0.060000, 0.061804, 0.055697
-0.059000, 0.069214, 0.063100
-0.058000, 0.085071, 0.078951
-0.057000, 0.061072, 0.054945
-0.056000, 0.062329, 0.056196
-0.055000, 0.077405, 0.071265
-0.054000, 0.084241, 0.078095
-0.053000, 0.068250, 0.062097
-0.052000, 0.063086, 0.056927
-0.051000, 0.077979, 0.071813
-0.050000, 0.084973, 0.078801
-0.049000, 0.069019, 0.062840
-0.048000, 0.061914, 0.055729
-0.047000, 0.078162, 0.071970
-0.046000, 0.082996, 0.076798
-0.045000, 0.067859, 0.061654
-0.044000, 0.063489, 0.057278
-0.043000, 0.080835, 0.074617
-0.042000, 0.083557, 0.077333
-0.041000, 0.067688, 0.061457
-0.040000, 0.063464, 0.057227
-0.039000, 0.080237, 0.073993
-0.038000, 0.083313, 0.077063
-0.037000, 0.065173, 0.058917
-0.036000, 0.067432, 0.061169
-0.035000, 0.083691, 0.077422
-0.034000, 0.074707, 0.068431
-0.033000, 0.058691, 0.052409
-0.032000, 0.070557, 0.064268
-0.031000, 0.083044, 0.076749
-0.030000, 0.075903, 0.069601
-0.029000, 0.064221, 0.057913
-0.028000, 0.072205, 0.065890
-0.027000, 0.084534, 0.078212
-0.026000, 0.061096, 0.054768
-0.025000, 0.063159, 0.056825
-0.024000, 0.078503, 0.072162
-0.023000, 0.085168, 0.078821
-0.022000, 0.069043, 0.062689
-0.021000, 0.063123, 0.056762
-0.020000, 0.080701, 0.074334
-0.019000, 0.083252, 0.076878
-0.018000, 0.067859, 0.061479
-0.017000, 0.063049, 0.056663
-0.016000, 0.081128, 0.074735
-0.015000, 0.083032, 0.076633
-0.014000, 0.066858, 0.060452
-0.013000, 0.063049, 0.056637
-0.012000, 0.079468, 0.073049
-0.011000, 0.084949, 0.078523
-0.010000, 0.067883, 0.061451
-0.009000, 0.063953, 0.057514
-0.008000, 0.080396, 0.073951
-0.007000, 0.079565, 0.073114
-0.006000, 0.064124, 0.057666
-0.005000, 0.071008, 0.064544
-0.004000, 0.084326, 0.077855
-0.003000, 0.071667, 0.065190
-0.002000, 0.059924, 0.053440
-0.001000, 0.073108, 0.066617
0.000000, 0.084009, 0.077512
0.001000, 0.074756, 0.068252
0.002000, 0.055249, 0.048739
0.003000, 0.067065, 0.060549
0.004000, 0.071130, 0.064607
0.005000, 0.081995, 0.075465
0.006000, 0.066858, 0.060322
0.007000, 0.062915, 0.056373
0.008000, 0.077625, 0.071076
0.009000, 0.084509, 0.077954
0.010000, 0.071729, 0.065167
0.011000, 0.061255, 0.054686
0.012000, 0.071387, 0.064812
0.013000, 0.083508, 0.076927
0.014000, 0.078430, 0.071842
0.015000, 0.064832, 0.058237
0.016000, 0.065234, 0.058633
0.017000, 0.080090, 0.073483
0.018000, 0.082581, 0.075967
0.019000, 0.068945, 0.062325
0.020000, 0.062524, 0.055898
0.021000, 0.072510, 0.065876
0.022000, 0.084778, 0.078138
0.023000, 0.074316, 0.067670
0.024000, 0.053613, 0.046960
0.025000, 0.068738, 0.062078
0.026000, 0.074182, 0.067516
0.027000, 0.080469, 0.073796
0.028000, 0.066602, 0.059923
0.029000, 0.063342, 0.056657
0.030000, 0.079260, 0.072568
0.031000, 0.084167, 0.077469
0.032000, 0.061646, 0.054941
0.033000, 0.061609, 0.054898
0.034000, 0.063074, 0.056356
0.035000, 0.084009, 0.077284
0.036000, 0.075415, 0.068684
0.037000, 0.064307, 0.057569
0.038000, 0.066333, 0.059589
0.039000, 0.080518, 0.073767
0.040000, 0.082837, 0.076080
0.041000, 0.067383, 0.060620
0.042000, 0.062952, 0.056182
0.043000, 0.076831, 0.070055
0.044000, 0.085071, 0.078288
0.045000, 0.072241, 0.065452
0.046000, 0.056152, 0.049357
0.047000, 0.070544, 0.063742
0.048000, 0.080176, 0.073367
0.049000, 0.079004, 0.072189
0.050000, 0.065894, 0.059072
0.051000, 0.064355, 0.057527
0.052000, 0.080371, 0.073536
0.053000, 0.083521, 0.076679
0.054000, 0.068384, 0.061536
0.055000, 0.062500, 0.055646
0.056000, 0.068433, 0.061572
0.057000, 0.084351, 0.077483
0.058000, 0.074390, 0.067516
0.059000, 0.053943, 0.047063
0.060000, 0.068420, 0.061534
0.061000, 0.069690, 0.062797
0.062000, 0.081689, 0.074790
0.063000, 0.067175, 0.060269
0.064000, 0.063000, 0.056088
0.065000, 0.078174, 0.071255
0.066000, 0.084766, 0.077840
0.067000, 0.070801, 0.063869
0.068000, 0.059778, 0.052839
0.069000, 0.071375, 0.064429
0.070000, 0.082715, 0.075763
0.071000, 0.077246, 0.070288
0.072000, 0.064062, 0.057098
0.073000, 0.065076, 0.058104
0.074000, 0.080750, 0.073772
0.075000, 0.083191, 0.076207
0.076000, 0.069116, 0.062126
0.077000, 0.062329, 0.055332
0.078000, 0.076270, 0.069266
0.079000, 0.084778, 0.077768
0.080000, 0.074194, 0.067178
0.081000, 0.054883, 0.047860
0.082000, 0.069202, 0.062172
0.083000, 0.077271, 0.070234
0.084000, 0.079956, 0.072913
0.085000, 0.066272, 0.059223
0.086000, 0.063440, 0.056384
0.087000, 0.079468, 0.072406
0.088000, 0.085107, 0.078039
0.089000, 0.059875, 0.052800
0.090000, 0.061914, 0.054832
0.091000, 0.065515, 0.058427
0.092000, 0.084290, 0.077195
0.093000, 0.076294, 0.069193
0.094000, 0.064490, 0.057382
0.095000, 0.065063, 0.057949
0.096000, 0.081470, 0.074349
0.097000, 0.083020, 0.075893
0.098000, 0.066968, 0.059834
0.099000, 0.062354, 0.055213
0.100000, 0.076428, 0.069282
0.101000, 0.085510, 0.078357
0.102000, 0.072559, 0.065399
0.103000, 0.057410, 0.050244
0.104000, 0.069714, 0.062542
0.105000, 0.080127, 0.072948
0.106000, 0.079565, 0.072380
0.107000, 0.065808, 0.058616
0.108000, 0.064124, 0.056925
0.109000, 0.079639, 0.072434
0.110000, 0.085022, 0.077810
0.111000, 0.062415, 0.055196
0.112000, 0.062158, 0.054934
0.113000, 0.063684, 0.056453
0.114000, 0.083911, 0.076674
0.115000, 0.075464, 0.068220
0.116000, 0.063257, 0.056006
0.117000, 0.067712, 0.060455
0.118000, 0.070251, 0.062988
0.119000, 0.081140, 0.073870
0.120000, 0.067175, 0.059899
0.121000, 0.063855, 0.056572
0.122000, 0.078394, 0.071104
0.123000, 0.084814, 0.077518
0.124000, 0.061548, 0.054245
0.125000, 0.061438, 0.054129
0.126000, 0.074048, 0.066732
0.127000, 0.084656, 0.077334
0.128000, 0.073120, 0.065792
0.129000, 0.054370, 0.047035
0.130000, 0.068811, 0.061470
0.131000, 0.070569, 0.063221
0.132000, 0.080811, 0.073456
0.133000, 0.066577, 0.059216
0.134000, 0.063062, 0.055694
0.135000, 0.078369, 0.070995
0.136000, 0.084680, 0.077300
0.137000, 0.060254, 0.052867
0.138000, 0.061133, 0.053739
0.139000, 0.073279, 0.065879
0.140000, 0.083691, 0.076285
0.141000, 0.076477, 0.069064
0.142000, 0.064526, 0.057107
0.143000, 0.065149, 0.057723
0.144000, 0.080408, 0.072975
0.145000, 0.083081, 0.075642
0.146000, 0.068262, 0.060816
0.147000, 0.062537, 0.055085
0.148000, 0.076331, 0.068872
0.149000, 0.084021, 0.076556
0.150000, 0.073584, 0.066113
0.151000, 0.055994, 0.048516
0.152000, 0.068103, 0.060619
0.153000, 0.075403, 0.067912
0.154000, 0.081812, 0.074314
0.155000, 0.066870, 0.059366
0.156000, 0.062646, 0.055136
0.157000, 0.078796, 0.071279
0.158000, 0.085168, 0.077645
0.159000, 0.062598, 0.055068
0.160000, 0.061340, 0.053804
0.161000, 0.072644, 0.065101
0.162000, 0.084021, 0.076472
0.163000, 0.076892, 0.069336
0.164000, 0.064319, 0.056756
0.165000, 0.064697, 0.057128
0.166000, 0.080872, 0.073296
0.167000, 0.082849, 0.075267
0.168000, 0.068274, 0.060686
0.169000, 0.062976, 0.055381
0.170000, 0.076465, 0.068863
0.171000, 0.084448, 0.076840
0.172000, 0.073865, 0.066250
0.173000, 0.054749, 0.047128
0.174000, 0.069006, 0.061379
0.175000, 0.076184, 0.068550
0.176000, 0.080237, 0.072596
0.177000, 0.066821, 0.059174
0.178000, 0.063452, 0.055799
0.179000, 0.078613, 0.070953
0.180000, 0.084546, 0.076880
0.181000, 0.061829, 0.054156
0.182000, 0.061658, 0.053978
0.183000, 0.073389, 0.065703
0.184000, 0.083813, 0.076121
0.185000, 0.075916, 0.068217
0.186000, 0.064380, 0.056675
0.187000, 0.065466, 0.057754
0.188000, 0.080713, 0.072995
0.189000, 0.083057, 0.075332
0.190000, 0.068713, 0.060982
0.191000, 0.062537, 0.054799
0.192000, 0.074890, 0.067146
0.193000, 0.084131, 0.076380
0.194000, 0.071924, 0.064167
0.195000, 0.055371, 0.047607
0.196000, 0.069006, 0.061236
0.197000, 0.071875, 0.064098
0.198000, 0.080310, 0.072527
0.199000, 0.066614, 0.058824
0.200000, 0.063379, 0.055583
0.201000, 0.078345, 0.070542
0.202000, 0.084680, 0.076871
0.203000, 0.062305, 0.054489
0.204000, 0.061328, 0.053506
0.205000, 0.072485, 0.064657
0.206000, 0.082727, 0.074892
0.207000, 0.076733, 0.068892
0.208000, 0.065137, 0.057288
0.209000, 0.064832, 0.056977
0.210000, 0.080676, 0.072815
0.211000, 0.083105, 0.075238
0.212000, 0.067944, 0.060070
0.213000, 0.062207, 0.054326
0.214000, 0.075964, 0.068077
0.215000, 0.084436, 0.076542
0.216000, 0.072180, 0.064280
0.217000, 0.055273, 0.047367
0.218000, 0.069202, 0.061288
0.219000, 0.075403, 0.067483
0.220000, 0.080347, 0.072420
0.221000, 0.066370, 0.058437
0.222000, 0.063330, 0.055391
0.223000, 0.079150, 0.071205
0.224000, 0.084900, 0.076948
0.225000, 0.060339, 0.052381
0.226000, 0.061230, 0.053265
0.227000, 0.073242, 0.065270
0.228000, 0.082690, 0.074712
0.229000, 0.077698, 0.069713
0.230000, 0.064246, 0.056254
0.231000, 0.064062, 0.056065
0.232000, 0.081006, 0.073002
0.233000, 0.083765, 0.075754
0.234000, 0.068347, 0.060330
0.235000, 0.062805, 0.054781
0.236000, 0.075879, 0.067849
0.237000, 0.084192, 0.076155
0.238000, 0.074182, 0.066139
0.239000, 0.056396, 0.048347
0.240000, 0.068604, 0.060547
0.241000, 0.075122, 0.067059
0.242000, 0.080872, 0.072802
0.243000, 0.066382, 0.058306
0.244000, 0.063232, 0.055150
0.245000, 0.079016, 0.070927
0.246000, 0.084753, 0.076658
0.247000, 0.059558, 0.051456
0.248000, 0.061560, 0.053452
0.249000, 0.072815, 0.064700
0.250000, 0.084497, 0.076376
0.251000, 0.077393, 0.069265
0.252000, 0.064502, 0.056368
0.253000, 0.065369, 0.057228
0.254000, 0.080090, 0.071943
0.255000, 0.082397, 0.074244
0.256000, 0.068640, 0.060480
0.257000, 0.062268, 0.054101
0.258000, 0.077002, 0.068829
0.259000, 0.085278, 0.077099
0.260000, 0.072668, 0.064482
0.261000, 0.054602, 0.046409
0.262000, 0.069446, 0.061247
0.263000, 0.077087, 0.068882
0.264000, 0.078796, 0.070584
0.265000, 0.065833, 0.057614
0.266000, 0.063867, 0.055642
0.267000, 0.078833, 0.070601
0.268000, 0.084680, 0.076442
0.269000, 0.061096, 0.052852
0.270000, 0.061426, 0.053175
0.271000, 0.063989, 0.055732
0.272000, 0.083630, 0.075366
0.273000, 0.075195, 0.066925
0.274000, 0.064490, 0.056213
0.275000, 0.066956, 0.058672
0.276000, 0.081299, 0.073009
0.277000, 0.082568, 0.074272
0.278000, 0.068005, 0.059702
0.279000, 0.063049, 0.054740
0.280000, 0.077136, 0.068820
0.281000, 0.083740, 0.075418
0.282000, 0.071936, 0.063607
0.283000, 0.058142, 0.049807
0.284000, 0.070874, 0.062532
0.285000, 0.081055, 0.072706
0.286000, 0.079126, 0.070771
0.287000, 0.065515, 0.057154
0.288000, 0.063379, 0.055011
0.289000, 0.079309, 0.070935
0.290000, 0.084229, 0.075847
0.291000, 0.068567, 0.060179
0.292000, 0.062842, 0.054448
0.293000, 0.067700, 0.059300
0.294000, 0.083569, 0.075162
0.295000, 0.075439, 0.067026
0.296000, 0.063782, 0.055362
0.297000, 0.066394, 0.057968
0.298000, 0.067273, 0.058840
0.299000, 0.081018, 0.072579
0.300000, 0.066321, 0.057875
0.301000, 0.062793, 0.054340
0.302000, 0.078796, 0.070337
0.303000, 0.084131, 0.075665
0.304000, 0.060767, 0.052295
0.305000, 0.061682, 0.053204
0.306000, 0.064343, 0.055858
0.307000, 0.083655, 0.075163
0.308000, 0.076941, 0.068443
0.309000, 0.064441, 0.055936
0.310000, 0.065784, 0.057273
0.311000, 0.080713, 0.072195
0.312000, 0.082666, 0.074142
0.313000, 0.068091, 0.059560
0.314000, 0.062500, 0.053963
0.315000, 0.076904, 0.068361
0.316000, 0.084668, 0.076118
0.317000, 0.074170, 0.065613
0.318000, 0.055237, 0.046674
0.319000, 0.068298, 0.059729
0.320000, 0.075110, 0.066534
0.321000, 0.080579, 0.071996
0.322000, 0.067053, 0.058464
0.323000, 0.063074, 0.054478
0.324000, 0.078809, 0.070207
0.325000, 0.084680, 0.076072
0.326000, 0.071606, 0.062992
0.327000, 0.060815, 0.052194
0.328000, 0.071899, 0.063271
0.329000, 0.083801, 0.075167
0.330000, 0.077966, 0.069325
0.331000, 0.065137, 0.056489
0.332000, 0.064404, 0.055750
0.333000, 0.080383, 0.071723
0.334000, 0.083411, 0.074744
0.335000, 0.068884, 0.060211
0.336000, 0.062561, 0.053881
0.337000, 0.069397, 0.060711
0.338000, 0.084473, 0.075780
0.339000, 0.074377, 0.065678
0.340000, 0.056421, 0.047715
0.341000, 0.067908, 0.059195
0.342000, 0.073230, 0.064511
0.343000, 0.080676, 0.071951
0.344000, 0.066626, 0.057894
0.345000, 0.063135, 0.054396
0.346000, 0.078345, 0.069600
0.347000, 0.084827, 0.076075
0.348000, 0.071130, 0.062373
0.349000, 0.062146, 0.053382
0.350000, 0.072156, 0.063385
0.351000, 0.083374, 0.074597
0.352000, 0.076965, 0.068181
0.353000, 0.064539, 0.055748
0.354000, 0.065588, 0.056792
0.355000, 0.080273, 0.071470
0.356000, 0.083948, 0.075138
0.357000, 0.068860, 0.060044
0.358000, 0.062146, 0.053323
0.359000, 0.074915, 0.066085
0.360000, 0.084705, 0.075869
0.361000, 0.072791, 0.063948
0.362000, 0.055054, 0.046205
0.363000, 0.068591, 0.059736
0.364000, 0.071765, 0.062903
0.365000, 0.080371, 0.071503
0.366000, 0.066833, 0.057959
0.367000, 0.062793, 0.053912
0.368000, 0.078418, 0.069530
0.369000, 0.084851, 0.075957
0.370000, 0.060181, 0.051280
0.371000, 0.061487, 0.052580
0.372000, 0.061670, 0.052756
0.373000, 0.083264, 0.074344
0.374000, 0.077234, 0.068307
0.375000, 0.065405, 0.056472
0.376000, 0.064478, 0.055538
0.377000, 0.079687, 0.070741
0.378000, 0.083191, 0.074238
0.379000, 0.068457, 0.059498
0.380000, 0.062500, 0.053534
0.381000, 0.075159, 0.066186
0.382000, 0.084521, 0.075543
0.383000, 0.073779, 0.064794
0.384000, 0.055273, 0.046282
0.385000, 0.067847, 0.058848
0.386000, 0.070142, 0.061137
0.387000, 0.081873, 0.072861
0.388000, 0.066858, 0.057840
0.389000, 0.062366, 0.053341
0.390000, 0.078552, 0.069522
0.391000, 0.085315, 0.076278
0.392000, 0.064380, 0.055336
0.393000, 0.061401, 0.052351
0.394000, 0.072681, 0.063624
0.395000, 0.083411, 0.074347
0.396000, 0.078162, 0.069092
0.397000, 0.064014, 0.054937
0.398000, 0.066736, 0.057653
0.399000, 0.070532, 0.061443
0.400000, 0.082544, 0.073448
0.401000, 0.067041, 0.057939
0.402000, 0.062622, 0.053513
0.403000, 0.077393, 0.068277
0.404000, 0.085120, 0.075998
0.405000, 0.071558, 0.062429
0.406000, 0.060217, 0.051083
0.407000, 0.071704, 0.062563
0.408000, 0.083167, 0.074019
0.409000, 0.079114, 0.069960
0.410000, 0.065417, 0.056257
0.411000, 0.064319, 0.055152
0.412000, 0.080042, 0.070868
0.413000, 0.084204, 0.075024
0.414000, 0.067883, 0.058697
0.415000, 0.062488, 0.053295
0.416000, 0.065979, 0.056779
0.417000, 0.084595, 0.075389
0.418000, 0.075403, 0.066190
0.419000, 0.063867, 0.054648
0.420000, 0.066382, 0.057156
0.421000, 0.070471, 0.061239
0.422000, 0.082593, 0.073354
0.423000, 0.067566, 0.058321
0.424000, 0.062720, 0.053468
0.425000, 0.077393, 0.068134
0.426000, 0.085437, 0.076172
0.427000, 0.072559, 0.063287
0.428000, 0.059888, 0.050610
0.429000, 0.071069, 0.061785
0.430000, 0.083179, 0.073888
0.431000, 0.077454, 0.068157
0.432000, 0.065356, 0.056053
0.433000, 0.064404, 0.055094
0.434000, 0.080029, 0.070713
0.435000, 0.083289, 0.073965
0.436000, 0.068701, 0.059372
0.437000, 0.061963, 0.052627
0.438000, 0.073779, 0.064437
0.439000, 0.084412, 0.075063
0.440000, 0.073291, 0.063935
0.441000, 0.054297, 0.044935
0.442000, 0.069373, 0.060004
0.443000, 0.073437, 0.064062
0.444000, 0.080408, 0.071026
0.445000, 0.066772, 0.057384
0.446000, 0.063367, 0.053972
0.447000, 0.078687, 0.069285
0.448000, 0.084009, 0.074601
0.449000, 0.060535, 0.051121
0.450000, 0.062158, 0.052738
0.451000, 0.064636, 0.055209
0.452000, 0.083252, 0.073818
0.453000, 0.075916, 0.066475
0.454000, 0.064697, 0.055251
0.455000, 0.065796, 0.056343
0.456000, 0.080896, 0.071436
0.457000, 0.082666, 0.073200
0.458000, 0.067065, 0.057593
0.459000, 0.063464, 0.053985
0.460000, 0.077600, 0.068115
0.461000, 0.084509, 0.075017
0.462000, 0.071960, 0.062462
0.463000, 0.057520, 0.048015
0.464000, 0.070911, 0.061399
0.465000, 0.081958, 0.072440
0.466000, 0.078845, 0.069321
0.467000, 0.065112, 0.055581
0.468000, 0.064514, 0.054977
0.469000, 0.079980, 0.070436
0.470000, 0.084058, 0.074507
0.471000, 0.068115, 0.058558
0.472000, 0.062231, 0.052668
0.473000, 0.072864, 0.063294
0.474000, 0.084558, 0.074982
0.475000, 0.074854, 0.065271
0.476000, 0.055420, 0.045830
0.477000, 0.067566, 0.057970
0.478000, 0.069336, 0.059733
0.479000, 0.081421, 0.071812
0.480000, 0.066418, 0.056803
0.481000, 0.063635, 0.054013
0.482000, 0.078394, 0.068765
0.483000, 0.084375, 0.074740
0.484000, 0.059729, 0.050088
0.485000, 0.062268, 0.052620
0.486000, 0.068018, 0.058363
0.487000, 0.084131, 0.074470
0.488000, 0.074609, 0.064942
0.489000, 0.058337, 0.048663
0.490000, 0.067236, 0.057556
0.491000, 0.070642, 0.060955
0.492000, 0.081140, 0.071447
0.493000, 0.067407, 0.057707
0.494000, 0.062537, 0.052830
0.495000, 0.078479, 0.068766
0.496000, 0.083777, 0.074057
0.497000, 0.070422, 0.060696
0.498000, 0.061975, 0.052243
0.499000, 0.071191, 0.061453
0.500000, 0.083313, 0.073568
0.501000, 0.077588, 0.067836
0.502000, 0.064600, 0.054841
0.503000, 0.065649, 0.055885
0.504000, 0.079919, 0.070148
0.505000, 0.083130, 0.073352
0.506000, 0.068005, 0.058221
0.507000, 0.062646, 0.052856
0.508000, 0.074536, 0.064739
0.509000, 0.084497, 0.074693
0.510000, 0.072607, 0.062797
0.511000, 0.054309, 0.044492
0.512000, 0.069019, 0.059195
0.513000, 0.075879, 0.066049
0.514000, 0.080676, 0.070840
0.515000, 0.066553, 0.056710
0.516000, 0.063977, 0.054128
0.517000, 0.079004, 0.069148
0.518000, 0.085132, 0.075270
0.519000, 0.060559, 0.050690
0.520000, 0.062366, 0.052490
0.521000, 0.063513, 0.053631
0.522000, 0.084399, 0.074511
0.523000, 0.076611, 0.066717
0.524000, 0.063989, 0.054088
0.525000, 0.066785, 0.056877
0.526000, 0.080164, 0.070249
0.527000, 0.082739, 0.072818
0.528000, 0.067761, 0.057834
0.529000, 0.062720, 0.052786
0.530000, 0.076758, 0.066818
0.531000, 0.085217, 0.075270
0.532000, 0.072510, 0.062556
0.533000, 0.055957, 0.045997
0.534000, 0.070459, 0.060493
0.535000, 0.081433, 0.071460
0.536000, 0.079272, 0.069293
0.537000, 0.066003, 0.056018
0.538000, 0.064270, 0.054278
0.539000, 0.079211, 0.069213
0.540000, 0.084155, 0.074150
0.541000, 0.063416, 0.053404
0.542000, 0.062158, 0.052140
0.543000, 0.064319, 0.054294
0.544000, 0.083435, 0.073404
0.545000, 0.075867, 0.065829
0.546000, 0.063953, 0.053908
0.547000, 0.065881, 0.055831
0.548000, 0.081567, 0.071510
0.549000, 0.082520, 0.072456
0.550000, 0.068091, 0.058021
0.551000, 0.061816, 0.051740
0.552000, 0.076379, 0.066296
0.553000, 0.084497, 0.074407
0.554000, 0.073328, 0.063231
0.555000, 0.056665, 0.046562
0.556000, 0.069104, 0.058995
0.557000, 0.075476, 0.065360
0.558000, 0.081055, 0.070932
0.559000, 0.066541, 0.056412
0.560000, 0.063147, 0.053012
0.561000, 0.079199, 0.069058
0.562000, 0.084094, 0.073946
0.563000, 0.060217, 0.050063
0.564000, 0.061682, 0.051521
0.565000, 0.072827, 0.062659
0.566000, 0.083801, 0.073627
0.567000, 0.076843, 0.066663
0.568000, 0.064539, 0.054351
0.569000, 0.065198, 0.055004
0.570000, 0.081604, 0.071404
0.571000, 0.082910, 0.072703
0.572000, 0.068774, 0.058561
0.573000, 0.062427, 0.052207
0.574000, 0.075659, 0.065433
0.575000, 0.084570, 0.074338
0.576000, 0.073779, 0.063540
0.577000, 0.057446, 0.047201
0.578000, 0.068567, 0.058315
0.579000, 0.077185, 0.066926
0.580000, 0.079883, 0.069618
0.581000, 0.066077, 0.055805
0.582000, 0.063599, 0.053320
0.583000, 0.078503, 0.068219
0.584000, 0.084753, 0.074462
0.585000, 0.061536, 0.051238
0.586000, 0.061719, 0.051415
0.587000, 0.072754, 0.062443
0.588000, 0.083716, 0.073399
0.589000, 0.076086, 0.065763
0.590000, 0.064514, 0.054184
0.591000, 0.065906, 0.055569
0.592000, 0.080859, 0.070516
0.593000, 0.082727, 0.072377
0.594000, 0.068848, 0.058492
0.595000, 0.062659, 0.052296
0.596000, 0.076013, 0.065644
0.597000, 0.085254, 0.074878
0.598000, 0.072058, 0.061676
0.599000, 0.052917, 0.042529
0.600000, 0.069849, 0.059454
0.601000, 0.078418, 0.068016
0.602000, 0.079492, 0.069084
0.603000, 0.066125, 0.055711
0.604000, 0.063647, 0.053226
0.605000, 0.078638, 0.068210
0.606000, 0.084534, 0.074100
0.607000, 0.067957, 0.057516
0.608000, 0.061621, 0.051174
0.609000, 0.070410, 0.059957
0.610000, 0.084875, 0.074415
0.611000, 0.074316, 0.063850
0.612000, 0.055933, 0.045460
0.613000, 0.067761, 0.057282
0.614000, 0.070764, 0.060278
0.615000, 0.080762, 0.070269
0.616000, 0.066968, 0.056469
0.617000, 0.062659, 0.052153
0.618000, 0.078455, 0.067943
0.619000, 0.084277, 0.073759
0.620000, 0.060071, 0.049546
0.621000, 0.061926, 0.051395
0.622000, 0.072949, 0.062411
0.623000, 0.083057, 0.072512
0.624000, 0.077515, 0.066964
0.625000, 0.064417, 0.053859
0.626000, 0.064233, 0.053669
0.627000, 0.080701, 0.070130
0.628000, 0.083459, 0.072882
0.629000, 0.068274, 0.057690
0.630000, 0.062231, 0.051641
0.631000, 0.075403, 0.064806
0.632000, 0.084229, 0.073626
0.633000, 0.074316, 0.063707
0.634000, 0.054199, 0.043583
0.635000, 0.068115, 0.057493
0.636000, 0.070593, 0.059964
0.637000, 0.081482, 0.070846
0.638000, 0.067224, 0.056582
0.639000, 0.062463, 0.051815
0.640000, 0.077722, 0.067067
0.641000, 0.084766, 0.074104
0.642000, 0.071863, 0.061195
0.643000, 0.061182, 0.050507
0.644000, 0.070703, 0.060022
0.645000, 0.083911, 0.073224
0.646000, 0.078821, 0.068127
0.647000, 0.065015, 0.054314
0.648000, 0.064172, 0.053465
0.649000, 0.080615, 0.069902
0.650000, 0.083459, 0.072740
0.651000, 0.068726, 0.057999
0.652000, 0.062317, 0.051584
0.653000, 0.069580, 0.058841
0.654000, 0.084680, 0.073934
0.655000, 0.074377, 0.063625
0.656000, 0.057080, 0.046321
0.657000, 0.067944, 0.057179
0.658000, 0.075452, 0.064680
0.659000, 0.079871, 0.069092
0.660000, 0.066638, 0.055853
0.661000, 0.063672, 0.052880
0.662000, 0.078247, 0.067449
0.663000, 0.084729, 0.073925
0.664000, 0.058838, 0.048027
0.665000, 0.061646, 0.050828
0.666000, 0.064648, 0.053825
0.667000, 0.084155, 0.073325
0.668000, 0.075391, 0.064554
0.669000, 0.064136, 0.053292
0.670000, 0.066272, 0.055422
0.671000, 0.080737, 0.069881
0.672000, 0.082520, 0.071657
0.673000, 0.068188, 0.057319
0.674000, 0.062549, 0.051673
0.675000, 0.076489, 0.065607
0.676000, 0.084338, 0.073450
0.677000, 0.072302, 0.061407
0.678000, 0.057324, 0.046422
0.679000, 0.070264, 0.059355
0.680000, 0.077979, 0.067064
0.681000, 0.079919, 0.068998
0.682000, 0.065845, 0.054917
0.683000, 0.063538, 0.052603
0.684000, 0.079419, 0.068478
0.685000, 0.083545, 0.072598
0.686000, 0.066833, 0.055880
0.687000, 0.062219, 0.051259
0.688000, 0.064709, 0.053743
0.689000, 0.083313, 0.072340
0.690000, 0.075415, 0.064435
0.691000, 0.063855, 0.052869
0.692000, 0.066162, 0.055169
0.693000, 0.081982, 0.070983
0.694000, 0.082288, 0.071282
0.695000, 0.067493, 0.056480
0.696000, 0.062512, 0.051493
0.697000, 0.077258, 0.066233
0.698000, 0.084277, 0.073246
0.699000, 0.071997, 0.060959
0.700000, 0.056018, 0.044973
0.701000, 0.070056, 0.059005
0.702000, 0.078979, 0.067922
0.703000, 0.078992, 0.067927
0.704000, 0.065027, 0.053956
0.705000, 0.063892, 0.052814
0.706000, 0.079712, 0.068628
0.707000, 0.084729, 0.073639
0.708000, 0.067725, 0.056628
0.709000, 0.061926, 0.050823
0.710000, 0.065417, 0.054308
0.711000, 0.084351, 0.073234
0.712000, 0.075562, 0.064439
0.713000, 0.064148, 0.053019
0.714000, 0.066089, 0.054953
0.715000, 0.080383, 0.069241
0.716000, 0.082849, 0.071700
0.717000, 0.067786, 0.056630
0.718000, 0.062622, 0.051460
0.719000, 0.076367, 0.065199
0.720000, 0.084619, 0.073444
0.721000, 0.071802, 0.060621
0.722000, 0.059692, 0.048505
0.723000, 0.070813, 0.059619
0.724000, 0.083484, 0.072283
0.725000, 0.078870, 0.067662
0.726000, 0.065137, 0.053923
0.727000, 0.064038, 0.052818
0.728000, 0.080408, 0.069181
0.729000, 0.083826, 0.072592
0.730000, 0.068494, 0.057254
0.731000, 0.061877, 0.050631
0.732000, 0.068091, 0.056838
0.733000, 0.084412, 0.073152
0.734000, 0.075037, 0.063771
0.735000, 0.054773, 0.043501
0.736000, 0.067358, 0.056080
0.737000, 0.069885, 0.058600
0.738000, 0.081494, 0.070202
0.739000, 0.067188, 0.055889
0.740000, 0.063049, 0.051745
0.741000, 0.077893, 0.066582
0.742000, 0.084839, 0.073521
0.743000, 0.070752, 0.059428
0.744000, 0.062537, 0.051206
0.745000, 0.071021, 0.059683
0.746000, 0.083020, 0.071676
0.747000, 0.077393, 0.066042
0.748000, 0.064514, 0.053158
0.749000, 0.065527, 0.054164
0.750000, 0.080688, 0.069319
0.751000, 0.083264, 0.071888
0.752000, 0.068445, 0.057062
0.753000, 0.062671, 0.051282
0.754000, 0.072510, 0.061114
0.755000, 0.085229, 0.073827
0.756000, 0.073328, 0.061919
0.757000, 0.054199, 0.042784
0.758000, 0.068750, 0.057328
0.759000, 0.072656, 0.061228
0.760000, 0.080164, 0.068729
0.761000, 0.066528, 0.055087
0.762000, 0.064697, 0.053250
0.763000, 0.078552, 0.067098
0.764000, 0.085156, 0.073696
0.765000, 0.061255, 0.049788
0.766000, 0.062341, 0.050868
0.767000, 0.064990, 0.053510
0.768000, 0.084021, 0.072534
0.769000, 0.076965, 0.065472
0.770000, 0.064587, 0.053088
0.771000, 0.065845, 0.054339
0.772000, 0.080396, 0.068883
0.773000, 0.082825, 0.071306
0.774000, 0.068359, 0.056834
0.775000, 0.062561, 0.051029
0.776000, 0.077551, 0.066013
0.777000, 0.085083, 0.073538
0.778000, 0.071655, 0.060104
0.779000, 0.054663, 0.043105
0.780000, 0.069568, 0.058003
0.781000, 0.075244, 0.063673
0.782000, 0.079309, 0.067732
0.783000, 0.065283, 0.053699
0.784000, 0.064526, 0.052936
0.785000, 0.080237, 0.068640
0.786000, 0.083508, 0.071905
0.787000, 0.068823, 0.057213
0.788000, 0.062402, 0.050786
0.789000, 0.069421, 0.057798
0.790000, 0.083569, 0.071940
0.791000, 0.074316, 0.062680
0.792000, 0.055908, 0.044266
0.793000, 0.067065, 0.055416
0.794000, 0.070117, 0.058462
0.795000, 0.081689, 0.070027
0.796000, 0.067017, 0.055348
0.797000, 0.063489, 0.051814
0.798000, 0.077893, 0.066212
0.799000, 0.084680, 0.072992
0.800000, 0.070776, 0.059082
0.801000, 0.061987, 0.050286
0.802000, 0.072375, 0.060668
0.803000, 0.083606, 0.071892
0.804000, 0.077686, 0.065965
0.805000, 0.064697, 0.052970
0.806000, 0.064429, 0.052695
0.807000, 0.080078, 0.068338
0.808000, 0.082739, 0.070993
0.809000, 0.068738, 0.056985
0.810000, 0.062292, 0.050533
0.811000, 0.074414, 0.062648
0.812000, 0.084717, 0.072944
0.813000, 0.074036, 0.062257
0.814000, 0.056079, 0.044294
0.815000, 0.067822, 0.056030
0.816000, 0.073779, 0.061981
0.817000, 0.080200, 0.068395
0.818000, 0.066443, 0.054631
0.819000, 0.063049, 0.051231
0.820000, 0.077917, 0.066093
0.821000, 0.084351, 0.072520
0.822000, 0.071619, 0.059781
0.823000, 0.062195, 0.050351
0.824000, 0.072070, 0.060220
0.825000, 0.083496, 0.071639
0.826000, 0.076721, 0.064858
0.827000, 0.065027, 0.053157
0.828000, 0.065027, 0.053150
0.829000, 0.079993, 0.068110
0.830000, 0.083533, 0.071643
0.831000, 0.068372, 0.056476
0.832000, 0.062195, 0.050292
0.833000, 0.074988, 0.063079
0.834000, 0.084668, 0.072753
0.835000, 0.072485, 0.060563
0.836000, 0.053699, 0.041770
0.837000, 0.069397, 0.057462
0.838000, 0.075793, 0.063852
0.839000, 0.080615, 0.068667
0.840000, 0.066443, 0.054489
0.841000, 0.063782, 0.051821
0.842000, 0.077942, 0.065975
0.843000, 0.084448, 0.072474
0.844000, 0.068433, 0.056452
0.845000, 0.062415, 0.050428
0.846000, 0.075146, 0.063153
0.847000, 0.084802, 0.072802
0.848000, 0.073083, 0.061077
0.849000, 0.055273, 0.043261
0.850000, 0.068689, 0.056670
0.851000, 0.072888, 0.060862
0.852000, 0.081042, 0.069010
0.853000, 0.066479, 0.054441
0.854000, 0.063086, 0.051041
0.855000, 0.078638, 0.066586
0.856000, 0.084546, 0.072488
0.857000, 0.063831, 0.051766
0.858000, 0.061926, 0.049855
0.859000, 0.063782, 0.051704
0.860000, 0.083386, 0.071302
0.861000, 0.076392, 0.064301
0.862000, 0.064270, 0.052173
0.863000, 0.066125, 0.054022
0.864000, 0.080432, 0.068322
0.865000, 0.083337, 0.071221
0.866000, 0.068677, 0.056553
0.867000, 0.062415, 0.050285
0.868000, 0.076624, 0.064487
0.869000, 0.084302, 0.072159
0.870000, 0.074292, 0.062143
0.871000, 0.055212, 0.043057
0.872000, 0.067871, 0.055709
0.873000, 0.070447, 0.058278
0.874000, 0.081580, 0.069404
0.875000, 0.067737, 0.055555
0.876000, 0.063098, 0.050910
0.877000, 0.077612, 0.065418
0.878000, 0.084839, 0.072638
0.879000, 0.071619, 0.059411
0.880000, 0.060229, 0.048015
0.881000, 0.071460, 0.059239
0.882000, 0.082678, 0.070451
0.883000, 0.078418, 0.066184
0.884000, 0.065088, 0.052848
0.885000, 0.065015, 0.052768
0.886000, 0.079871, 0.067617
0.887000, 0.083484, 0.071224
0.888000, 0.068494, 0.056227
0.889000, 0.062122, 0.049849
0.890000, 0.074011, 0.061732
0.891000, 0.084937, 0.072651
0.892000, 0.073755, 0.061463
0.893000, 0.056482, 0.044183
0.894000, 0.068201, 0.055896
0.895000, 0.073718, 0.061407
0.896000, 0.080945, 0.068627
0.897000, 0.067053, 0.054729
0.898000, 0.062744, 0.050413
0.899000, 0.078528, 0.066190
0.900000, 0.084021, 0.071677
0.901000, 0.070679, 0.058328
0.902000, 0.061328, 0.048971
0.903000, 0.071521, 0.059157
0.904000, 0.083301, 0.070931
0.905000, 0.076550, 0.064174
0.906000, 0.064954, 0.052570
0.907000, 0.065186, 0.052796
0.908000, 0.079785, 0.067389
0.909000, 0.083423, 0.071020
0.910000, 0.068542, 0.056133
0.911000, 0.062463, 0.050048
0.912000, 0.076355, 0.063933
0.913000, 0.084265, 0.071837
0.914000, 0.071887, 0.059452
0.915000, 0.056604, 0.044162
0.916000, 0.069714, 0.057266
0.917000, 0.075610, 0.063156
0.918000, 0.080530, 0.068069
0.919000, 0.065674, 0.053206
0.920000, 0.063550, 0.051076
0.921000, 0.078723, 0.066243
0.922000, 0.084692, 0.072205
0.923000, 0.065405, 0.052912
0.924000, 0.062061, 0.049560
0.925000, 0.065479, 0.052972
0.926000, 0.084900, 0.072387
0.927000, 0.075684, 0.063164
0.928000, 0.064429, 0.051903
0.929000, 0.066614, 0.054081
0.930000, 0.080566, 0.068027
0.931000, 0.082007, 0.069461
0.932000, 0.067310, 0.054758
0.933000, 0.062598, 0.050039
0.934000, 0.077600, 0.065035
0.935000, 0.085120, 0.072548
0.936000, 0.071252, 0.058674
0.937000, 0.059692, 0.047108
0.938000, 0.071777, 0.059186
0.939000, 0.082727, 0.070130
0.940000, 0.077649, 0.065045
0.941000, 0.064783, 0.052172
0.942000, 0.065076, 0.052459
0.943000, 0.080066, 0.067442
0.944000, 0.084644, 0.072014
0.945000, 0.067920, 0.055283
0.946000, 0.062183, 0.049540
0.947000, 0.072644, 0.059995
0.948000, 0.084143, 0.071487
0.949000, 0.074707, 0.062045
0.950000, 0.054358, 0.041689
0.951000, 0.067554, 0.054878
0.952000, 0.071411, 0.058729
0.953000, 0.081287, 0.068598
0.954000, 0.066345, 0.053650
0.955000, 0.063696, 0.050995
0.956000, 0.078101, 0.065393
0.957000, 0.084741, 0.072027
0.958000, 0.058130, 0.045409
0.959000, 0.061951, 0.049223
0.960000, 0.072253, 0.059519
0.961000, 0.083203, 0.070463
0.962000, 0.077747, 0.065000
0.963000, 0.065222, 0.052469
0.964000, 0.064539, 0.051779
0.965000, 0.080237, 0.067470
0.966000, 0.083350, 0.070577
0.967000, 0.068677, 0.055897
0.968000, 0.062476, 0.049690
0.969000, 0.074329, 0.061536
0.970000, 0.084595, 0.071796
0.971000, 0.072827, 0.060022
0.972000, 0.055310, 0.042498
0.973000, 0.069006, 0.056188
0.974000, 0.077747, 0.064922
0.975000, 0.078894, 0.066063
0.976000, 0.066650, 0.053812
0.977000, 0.063782, 0.050937
0.978000, 0.078918, 0.066068
0.979000, 0.084595, 0.071737
0.980000, 0.063806, 0.050942
0.981000, 0.062329, 0.049459
0.982000, 0.072961, 0.060085
0.983000, 0.084155, 0.071272
0.984000, 0.077112, 0.064222
0.985000, 0.064526, 0.051630
0.986000, 0.065625, 0.052722
0.987000, 0.081079, 0.068170
0.988000, 0.083301, 0.070385
0.989000, 0.068164, 0.055242
0.990000, 0.063416, 0.050487
0.991000, 0.075610, 0.062675
0.992000, 0.084827, 0.071885
0.993000, 0.071960, 0.059012
0.994000, 0.056604, 0.043649
0.995000, 0.070081, 0.057119
0.996000, 0.078662, 0.065694
0.997000, 0.079700, 0.066725
0.998000, 0.067151, 0.054170
